gesto,p0_x,p1_x,p2_x,p3_x,p4_x,p5_x,p6_x,p7_x,p8_x,p9_x,p10_x,p11_x,p12_x,p13_x,p14_x,p15_x,p16_x,p17_x,p18_x,p19_x,p20_x,p0_y,p1_y,p2_y,p3_y,p4_y,p5_y,p6_y,p7_y,p8_y,p9_y,p10_y,p11_y,p12_y,p13_y,p14_y,p15_y,p16_y,p17_y,p18_y,p19_y,p20_y
italiano,0,0,-76,-61,-119,-141,-116,-221,-90,-281,-169,-157,-142,-283,-101,-344,-67,-378,-124,-135,-99,-278,-58,-349,-25,-389,-64,-120,-42,-255,-12,-322,9,-361,0,-115,11,-226,19,-276,26,-309
italiano,0,0,-66,-14,-116,-52,-138,-101,-136,-143,-158,-43,-167,-143,-147,-190,-129,-218,-120,-35,-135,-149,-119,-197,-104,-225,-76,-41,-94,-146,-88,-193,-79,-220,-34,-55,-52,-135,-55,-169,-57,-191
italiano,0,0,1,-64,-32,-121,-54,-162,-67,-195,-130,-95,-138,-161,-108,-200,-77,-221,-138,-77,-149,-159,-111,-202,-74,-220,-130,-64,-136,-141,-98,-183,-65,-202,-109,-56,-107,-122,-83,-159,-62,-181
italiano,0,0,36,-64,22,-125,-1,-171,-7,-211,17,-134,13,-175,9,-202,6,-228,-12,-132,-19,-179,-22,-211,-17,-238,-39,-121,-50,-170,-44,-196,-33,-216,-65,-105,-66,-146,-58,-171,-43,-193
italiano,0,0,18,-57,49,-92,69,-121,77,-145,116,-80,104,-146,83,-181,65,-205,108,-77,98,-150,77,-186,59,-212,87,-76,77,-147,60,-184,46,-210,56,-80,50,-138,39,-166,30,-190
italiano,0,0,11,-71,45,-110,69,-137,81,-160,124,-88,108,-156,85,-194,64,-218,113,-79,101,-157,76,-198,54,-225,89,-76,75,-150,54,-189,39,-216,56,-79,46,-139,34,-170,26,-194
italiano,0,0,38,-30,58,-73,50,-118,35,-149,74,-67,64,-139,50,-176,39,-201,39,-61,31,-144,21,-184,14,-210,3,-61,0,-138,-5,-176,-8,-201,-30,-65,-25,-126,-21,-153,-17,-173
italiano,0,0,17,-43,3,-87,-23,-115,-39,-134,-27,-73,-51,-122,-52,-144,-49,-158,-51,-61,-70,-115,-65,-138,-55,-150,-64,-52,-72,-100,-64,-119,-56,-128,-69,-49,-66,-85,-58,-98,-51,-104
italiano,0,0,-29,-17,-41,-41,-36,-65,-38,-81,-48,-34,-52,-53,-51,-70,-48,-83,-31,-39,-35,-60,-37,-77,-36,-92,-17,-41,-21,-60,-26,-77,-27,-92,0,-42,-6,-59,-13,-69,-19,-80
italiano,0,0,41,-21,68,-52,73,-84,63,-108,96,-60,86,-111,68,-134,53,-145,81,-64,69,-117,50,-139,34,-150,59,-68,44,-115,28,-134,15,-144,32,-73,19,-108,10,-122,2,-132
italiano,0,0,34,-22,55,-65,51,-107,41,-136,65,-65,62,-118,55,-145,49,-162,40,-66,41,-122,38,-147,35,-164,13,-68,18,-121,19,-145,19,-160,-15,-71,-2,-113,5,-133,10,-148
italiano,0,0,38,-29,51,-72,39,-110,26,-136,51,-67,42,-134,34,-165,29,-185,15,-64,9,-137,6,-171,6,-190,-17,-64,-17,-132,-12,-161,-7,-178,-41,-65,-33,-116,-25,-130,-18,-137
italiano,0,0,34,-34,45,-75,31,-107,8,-122,58,-90,42,-141,23,-155,10,-156,30,-91,13,-146,-2,-159,-9,-162,0,-90,-12,-138,-20,-150,-23,-152,-27,-87,-28,-123,-26,-131,-24,-134
italiano,0,0,30,-40,34,-79,17,-105,-7,-114,45,-102,22,-139,3,-139,-5,-132,18,-105,-5,-142,-21,-138,-25,-129,-9,-101,-29,-131,-37,-124,-36,-114,-33,-93,-42,-115,-44,-109,-41,-100
italiano,0,0,36,-29,61,-68,64,-105,51,-132,86,-74,81,-134,60,-162,42,-174,66,-76,60,-141,40,-168,23,-183,39,-77,31,-135,15,-161,3,-175,9,-79,5,-124,-2,-145,-8,-160
italiano,0,0,11,-53,-5,-91,-32,-107,-54,-106,-23,-115,-50,-151,-46,-141,-38,-129,-50,-100,-70,-137,-62,-132,-54,-122,-71,-80,-77,-111,-65,-107,-58,-97,-84,-61,-82,-88,-71,-86,-63,-78
italiano,0,0,6,-25,22,-39,32,-50,40,-60,41,-35,50,-53,49,-70,45,-82,44,-35,53,-53,51,-70,45,-82,46,-34,54,-53,52,-71,46,-83,45,-36,51,-54,50,-67,45,-78
italiano,0,0,2,-46,-22,-78,-51,-94,-73,-101,-38,-72,-78,-104,-87,-119,-89,-129,-57,-55,-95,-93,-97,-112,-92,-121,-69,-42,-93,-80,-90,-97,-85,-104,-75,-33,-83,-65,-79,-78,-75,-82
italiano,0,0,-4,-46,-30,-73,-59,-83,-79,-85,-41,-72,-86,-100,-99,-113,-102,-122,-58,-52,-102,-85,-111,-103,-111,-114,-70,-34,-98,-69,-100,-84,-97,-92,-76,-22,-90,-52,-87,-64,-83,-69
italiano,0,0,-4,-44,-32,-76,-64,-91,-85,-101,-45,-72,-87,-97,-96,-112,-98,-121,-59,-54,-97,-85,-103,-102,-100,-112,-71,-40,-97,-72,-101,-90,-100,-101,-78,-28,-89,-55,-88,-69,-86,-78
italiano,0,0,38,-39,55,-84,43,-126,24,-152,70,-90,53,-162,32,-189,15,-201,36,-81,17,-162,-1,-193,-12,-208,1,-77,-14,-152,-25,-181,-32,-198,-32,-74,-38,-133,-39,-154,-39,-167
italiano,0,0,-10,-55,3,-95,7,-124,5,-150,70,-89,51,-129,29,-150,9,-165,78,-85,54,-132,26,-155,2,-169,77,-80,53,-130,25,-152,3,-167,66,-78,45,-121,25,-140,9,-153
italiano,0,0,36,-32,56,-71,50,-109,35,-134,74,-81,57,-143,38,-168,24,-178,46,-78,29,-148,14,-173,4,-185,14,-76,1,-141,-8,-165,-14,-176,-17,-75,-22,-127,-23,-146,-23,-158
italiano,0,0,35,-35,52,-75,44,-112,29,-136,66,-89,48,-147,30,-171,18,-183,37,-84,19,-151,5,-173,-5,-183,6,-81,-7,-143,-17,-165,-23,-175,-25,-78,-29,-129,-31,-147,-31,-157
italiano,0,0,33,-39,34,-84,15,-117,-3,-138,29,-84,6,-146,-3,-174,-10,-194,-6,-77,-24,-143,-25,-171,-22,-186,-35,-73,-42,-133,-37,-158,-31,-172,-53,-69,-49,-112,-39,-126,-31,-134
italiano,0,0,33,-35,50,-73,44,-108,29,-131,76,-85,53,-143,29,-164,12,-173,54,-82,31,-144,10,-167,-5,-182,26,-79,4,-138,-12,-162,-23,-178,-5,-76,-20,-125,-28,-145,-32,-160
italiano,0,0,-16,-56,-5,-94,-3,-123,-7,-146,72,-92,43,-136,17,-157,-4,-169,72,-90,43,-142,15,-163,-7,-178,61,-86,30,-138,6,-160,-13,-177,38,-85,13,-127,-4,-146,-19,-161
italiano,0,0,36,-34,53,-75,44,-114,27,-139,70,-84,52,-147,33,-172,19,-184,40,-79,22,-151,7,-177,-3,-188,8,-77,-5,-143,-15,-168,-20,-179,-24,-75,-27,-128,-28,-149,-28,-161
italiano,0,0,-6,-54,10,-88,17,-113,20,-135,79,-75,59,-116,36,-138,17,-154,83,-71,61,-121,35,-145,12,-161,78,-70,57,-120,30,-143,10,-158,64,-72,43,-114,25,-132,11,-145
italiano,0,0,23,-40,15,-82,-10,-110,-31,-127,10,-78,-22,-131,-34,-153,-42,-166,-19,-66,-45,-123,-50,-147,-50,-159,-43,-57,-56,-109,-54,-127,-51,-137,-60,-53,-58,-90,-50,-102,-45,-108
italiano,0,0,9,-39,-3,-67,-20,-84,-32,-93,-16,-74,-35,-108,-35,-114,-32,-113,-36,-64,-52,-99,-47,-107,-41,-108,-49,-52,-55,-82,-47,-89,-42,-90,-57,-41,-55,-67,-47,-73,-40,-72
italiano,0,0,45,-41,69,-93,61,-139,38,-168,107,-109,74,-181,39,-207,12,-218,85,-109,50,-188,15,-213,-15,-225,53,-109,13,-177,-17,-201,-39,-215,13,-108,-17,-160,-34,-180,-48,-195
ok,0,0,-47,-17,-86,-42,-117,-65,-122,-92,-59,-107,-87,-133,-108,-127,-119,-113,-41,-123,-60,-168,-80,-193,-98,-210,-16,-126,-23,-170,-36,-199,-51,-220,9,-116,20,-152,15,-175,3,-194
ok,0,0,-44,-19,-77,-46,-103,-70,-108,-95,-47,-104,-71,-132,-91,-128,-102,-114,-28,-116,-43,-159,-61,-181,-80,-194,-7,-117,-8,-158,-21,-184,-37,-202,15,-108,31,-139,26,-160,13,-175
ok,0,0,-34,-46,-44,-71,-56,-91,-67,-116,0,-116,-31,-141,-59,-135,-73,-121,8,-113,1,-168,-23,-195,-42,-205,8,-107,19,-164,1,-195,-14,-209,0,-106,16,-146,8,-174,-3,-192
ok,0,0,53,-29,86,-68,97,-106,80,-125,41,-123,57,-160,71,-150,79,-131,12,-124,17,-180,24,-212,28,-237,-9,-116,-14,-166,-16,-197,-19,-220,-22,-102,-32,-136,-38,-157,-43,-172
ok,0,0,50,-30,86,-66,101,-104,96,-134,35,-115,56,-165,79,-159,94,-140,10,-114,18,-175,25,-208,27,-235,-6,-107,-4,-156,-6,-186,-7,-207,-14,-97,-13,-131,-12,-148,-11,-160
ok,0,0,-47,-25,-72,-51,-93,-73,-103,-97,-42,-102,-67,-127,-89,-121,-100,-107,-28,-111,-40,-156,-53,-184,-63,-205,-13,-112,-9,-155,-11,-186,-11,-209,0,-105,12,-142,13,-168,12,-190
ok,0,0,-52,-14,-85,-33,-113,-43,-132,-60,-76,-92,-112,-107,-129,-88,-134,-68,-68,-102,-96,-141,-122,-158,-143,-172,-54,-101,-67,-147,-84,-174,-100,-196,-37,-92,-33,-130,-44,-154,-59,-173
ok,0,0,-34,-22,-59,-53,-72,-84,-56,-106,-33,-113,-39,-147,-41,-138,-39,-122,-10,-122,-12,-170,-13,-199,-13,-225,14,-118,15,-162,17,-190,17,-214,40,-102,48,-132,54,-150,58,-166
ok,0,0,-41,-23,-73,-51,-97,-76,-98,-101,-36,-105,-57,-134,-79,-132,-92,-119,-17,-115,-28,-159,-43,-186,-56,-207,6,-114,4,-157,-2,-188,-9,-212,28,-101,45,-132,50,-157,51,-180
ok,0,0,47,-39,69,-80,65,-116,49,-132,41,-123,26,-169,18,-161,17,-140,5,-125,-4,-190,-6,-223,-5,-246,-27,-117,-40,-177,-47,-211,-49,-236,-53,-98,-73,-139,-82,-162,-86,-182
ok,0,0,50,-37,78,-81,83,-124,66,-149,27,-126,28,-178,42,-170,54,-150,-4,-123,-7,-183,-5,-217,-5,-244,-26,-113,-37,-167,-42,-202,-43,-228,-42,-96,-59,-132,-65,-155,-66,-173
ok,0,0,-48,-20,-86,-50,-112,-81,-111,-113,-60,-117,-81,-152,-99,-145,-106,-128,-36,-130,-50,-182,-63,-213,-75,-237,-8,-130,-11,-175,-17,-204,-26,-227,21,-118,31,-154,30,-176,24,-196
ok,0,0,-41,-23,-78,-57,-109,-84,-116,-115,-49,-126,-76,-147,-101,-148,-113,-137,-25,-140,-35,-193,-37,-227,-36,-252,6,-139,15,-184,21,-215,26,-237,36,-123,64,-155,84,-179,100,-199
ok,0,0,-42,-24,-76,-60,-103,-88,-111,-116,-50,-117,-74,-145,-94,-149,-108,-141,-25,-132,-36,-179,-50,-204,-65,-221,6,-133,7,-183,1,-214,-11,-239,37,-119,56,-157,60,-184,55,-209
ok,0,0,-41,-24,-75,-59,-101,-87,-108,-117,-51,-115,-77,-143,-96,-148,-109,-139,-25,-130,-33,-175,-46,-197,-65,-200,6,-131,7,-176,-1,-201,-19,-211,37,-120,57,-158,55,-180,40,-192
ok,0,0,-41,-23,-76,-57,-104,-84,-110,-113,-49,-115,-76,-143,-97,-145,-109,-135,-25,-130,-38,-178,-51,-208,-64,-229,6,-131,6,-183,2,-217,-6,-244,36,-117,57,-154,64,-183,65,-208
ok,0,0,-31,-20,-56,-58,-67,-93,-54,-121,-35,-117,-46,-154,-45,-142,-41,-122,-7,-127,-6,-181,-2,-211,0,-236,20,-122,22,-162,26,-184,27,-203,45,-105,54,-130,56,-142,57,-150
ok,0,0,11,-8,31,-28,54,-43,74,-55,14,-73,46,-84,67,-72,80,-60,18,-75,40,-102,55,-122,63,-138,24,-73,38,-99,49,-118,56,-134,30,-69,39,-90,42,-105,44,-118
ok,0,0,-19,14,-34,14,-21,13,1,8,-48,-60,-21,-56,-4,-32,9,-12,-24,-78,8,-80,30,-71,45,-68,-2,-85,20,-106,31,-125,41,-144,16,-84,24,-114,26,-135,27,-157
ok,0,0,-40,-40,-55,-65,-76,-83,-93,-101,-12,-110,-53,-133,-80,-123,-95,-109,-5,-108,-30,-163,-51,-192,-64,-211,-6,-101,-17,-163,-26,-195,-28,-218,-18,-98,-20,-140,-21,-166,-22,-189
ok,0,0,-38,-26,-64,-57,-86,-81,-89,-103,-33,-102,-54,-129,-74,-127,-85,-116,-13,-112,-21,-156,-29,-186,-35,-208,9,-111,8,-153,6,-182,3,-205,31,-99,39,-132,41,-156,40,-177
ok,0,0,-32,-23,-58,-56,-78,-85,-70,-108,-34,-104,-48,-134,-60,-136,-66,-127,-10,-114,-16,-162,-19,-192,-21,-215,16,-112,15,-155,15,-183,14,-206,41,-98,49,-130,54,-152,56,-170
ok,0,0,-36,-46,-50,-79,-68,-101,-80,-128,-5,-118,-27,-148,-54,-144,-73,-132,7,-118,4,-166,-11,-195,-25,-215,15,-111,28,-158,22,-190,15,-216,20,-101,49,-129,51,-153,45,-175
ok,0,0,46,-5,74,-24,95,-30,120,-35,53,-87,92,-89,109,-69,117,-47,51,-95,81,-134,108,-154,129,-167,51,-94,72,-145,93,-173,111,-193,60,-88,74,-130,89,-154,105,-172
ok,0,0,-21,-43,-27,-91,-35,-136,-29,-165,51,-108,36,-172,2,-185,-19,-177,69,-106,77,-169,80,-205,86,-231,75,-98,95,-138,108,-164,118,-185,70,-91,88,-115,96,-128,100,-140
ok,0,0,41,5,78,1,110,0,133,-10,91,-67,133,-68,141,-47,136,-27,78,-89,118,-123,144,-144,163,-166,55,-99,75,-143,89,-172,102,-198,25,-98,25,-135,27,-160,32,-183
ok,0,0,45,3,79,-2,109,-3,137,-13,82,-66,121,-68,134,-49,135,-29,78,-82,117,-107,150,-114,177,-117,65,-90,97,-122,126,-137,152,-146,46,-92,62,-123,82,-139,104,-148
ok,0,0,44,5,81,0,111,-2,139,-12,84,-62,122,-67,136,-50,139,-31,81,-76,121,-93,152,-91,176,-82,70,-84,106,-105,135,-107,159,-102,54,-88,79,-113,104,-118,127,-113
ok,0,0,44,2,80,-4,109,-6,135,-16,83,-68,120,-67,132,-49,133,-30,78,-84,113,-114,141,-130,162,-143,65,-91,90,-129,112,-152,130,-171,47,-91,56,-125,70,-146,86,-163
ok,0,0,41,6,75,4,104,4,129,-6,79,-58,113,-55,127,-39,129,-21,79,-74,114,-98,143,-107,166,-114,70,-83,97,-117,121,-134,142,-148,56,-87,67,-120,82,-139,99,-153
ok,0,0,-17,-41,-26,-84,-44,-119,-59,-144,29,-116,-3,-161,-36,-163,-55,-154,30,-115,22,-168,11,-196,5,-221,26,-109,28,-158,27,-184,28,-205,17,-105,23,-140,27,-162,30,-182
ok,0,0,-33,-39,-46,-72,-59,-95,-64,-104,11,-107,-16,-133,-39,-129,-50,-115,28,-94,18,-129,8,-146,2,-156,39,-73,49,-104,56,-126,61,-140,43,-51,64,-57,76,-67,84,-78
ok,0,0,38,4,65,-10,83,-21,104,-32,48,-73,77,-74,95,-61,104,-43,45,-89,63,-125,84,-144,102,-158,43,-95,48,-136,61,-161,72,-181,46,-95,43,-129,48,-151,53,-167
italiano,0,0,-10,-66,15,-115,40,-154,53,-184,88,-99,93,-164,73,-190,56,-204,111,-85,113,-158,87,-185,63,-197,118,-76,115,-146,90,-171,68,-180,112,-72,112,-124,97,-147,79,-159
italiano,0,0,-33,-58,-28,-107,-4,-141,19,-157,-11,-124,14,-189,22,-206,25,-207,30,-116,49,-192,47,-205,43,-201,63,-103,76,-175,68,-188,59,-186,86,-85,82,-140,70,-155,61,-158
italiano,0,0,0,-67,33,-113,65,-144,83,-169,100,-82,110,-146,105,-177,100,-202,122,-64,130,-136,117,-171,104,-195,130,-54,133,-123,118,-152,103,-170,128,-50,130,-102,119,-126,105,-142
italiano,0,0,-2,-72,-32,-111,-44,-145,-49,-177,-115,-76,-101,-127,-85,-164,-68,-194,-125,-71,-104,-136,-85,-172,-66,-204,-122,-71,-98,-139,-78,-174,-62,-202,-107,-76,-82,-133,-66,-160,-55,-183
italiano,0,0,-54,-32,-86,-82,-85,-137,-72,-176,-108,-70,-102,-162,-85,-210,-73,-243,-63,-64,-60,-163,-50,-218,-42,-254,-17,-65,-16,-157,-16,-210,-16,-246,25,-73,13,-146,4,-183,-2,-212
italiano,0,0,14,-46,3,-78,-1,-104,-5,-129,-52,-58,-42,-89,-27,-116,-15,-134,-64,-58,-49,-95,-32,-121,-17,-141,-70,-59,-50,-101,-30,-124,-12,-141,-65,-65,-44,-105,-27,-126,-14,-140
italiano,0,0,-43,-33,-59,-72,-54,-108,-41,-134,-71,-84,-63,-149,-52,-177,-42,-191,-39,-88,-38,-158,-32,-190,-25,-207,-4,-89,-6,-154,-5,-184,-4,-200,29,-88,18,-139,11,-163,6,-181
italiano,0,0,6,-53,37,-91,67,-119,86,-136,94,-51,112,-104,106,-131,99,-152,106,-33,123,-91,111,-119,97,-137,108,-24,119,-77,107,-99,92,-112,103,-21,112,-59,105,-78,94,-91
italiano,0,0,13,-49,-3,-86,-9,-117,-12,-145,-75,-64,-56,-107,-37,-134,-20,-153,-85,-64,-61,-113,-41,-139,-21,-161,-83,-66,-57,-121,-36,-145,-19,-164,-70,-74,-44,-121,-28,-141,-15,-156
ok,0,0,60,-9,103,-35,138,-45,171,-53,92,-110,138,-119,161,-95,170,-67,86,-121,120,-169,163,-183,196,-185,74,-120,94,-175,128,-199,160,-211,63,-110,68,-156,93,-177,120,-185
ok,0,0,-13,-60,-4,-107,17,-145,41,-159,67,-102,79,-155,63,-165,48,-159,94,-83,130,-138,147,-170,161,-193,106,-60,149,-100,176,-126,195,-146,104,-36,142,-44,166,-56,183,-69
ok,0,0,-36,-65,-45,-121,-52,-158,-62,-195,6,-169,-7,-222,-38,-223,-63,-210,22,-168,39,-234,20,-274,0,-302,33,-153,73,-208,66,-250,54,-284,38,-127,82,-158,81,-190,68,-218
ok,0,0,44,-62,54,-114,38,-153,12,-175,62,-140,51,-217,31,-226,21,-214,22,-144,19,-234,10,-275,5,-300,-21,-135,-32,-220,-43,-262,-49,-291,-59,-116,-70,-180,-76,-210,-79,-235
mano_abierta,0,0,-67,-28,-122,-72,-173,-103,-220,-120,-81,-182,-114,-246,-131,-281,-142,-311,-35,-193,-43,-272,-44,-320,-45,-361,11,-185,11,-254,13,-298,14,-337,53,-163,62,-215,68,-247,74,-279
mano_abierta,0,0,38,-61,53,-126,60,-179,93,-209,10,-170,14,-260,14,-316,15,-355,-33,-164,-56,-265,-72,-323,-88,-362,-72,-147,-103,-233,-111,-276,-116,-304,-108,-120,-142,-182,-158,-205,-168,-217
mano_abierta,0,0,-22,-49,-29,-113,-27,-163,-26,-201,-29,-141,-33,-204,-38,-246,-41,-281,-28,-142,-35,-207,-42,-252,-47,-293,-30,-136,-35,-199,-39,-243,-42,-279,-33,-128,-34,-173,-35,-204,-34,-234
mano_abierta,0,0,-58,-26,-105,-70,-140,-107,-175,-129,-65,-156,-91,-210,-105,-243,-113,-273,-25,-167,-31,-232,-32,-275,-33,-308,11,-160,14,-217,17,-254,19,-286,44,-142,55,-184,62,-212,68,-238
mano_abierta,0,0,-69,-32,-125,-85,-167,-129,-209,-156,-80,-187,-111,-254,-128,-293,-138,-331,-31,-198,-37,-280,-37,-331,-38,-372,13,-190,16,-261,19,-306,20,-346,55,-167,65,-223,71,-258,77,-294
mano_abierta,0,0,-60,-28,-111,-65,-152,-99,-193,-125,-61,-152,-92,-218,-110,-261,-121,-303,-9,-161,-7,-245,-1,-299,7,-351,37,-148,58,-224,76,-275,91,-322,76,-120,105,-176,126,-213,142,-250
mano_abierta,0,0,-68,-21,-107,-53,-128,-81,-148,-104,-56,-103,-79,-136,-90,-159,-96,-177,-22,-113,-27,-157,-30,-186,-32,-205,11,-116,9,-154,7,-180,6,-198,43,-111,51,-141,50,-157,49,-168
mano_abierta,0,0,-60,-31,-109,-79,-145,-119,-182,-145,-61,-168,-88,-224,-102,-259,-111,-291,-18,-177,-19,-246,-17,-290,-16,-325,21,-169,29,-229,34,-267,38,-301,57,-148,75,-194,86,-225,95,-255
mano_abierta,0,0,43,-51,63,-101,78,-146,105,-170,54,-152,73,-226,83,-273,93,-306,19,-152,14,-241,6,-291,0,-327,-17,-143,-34,-224,-43,-270,-47,-304,-55,-126,-73,-189,-83,-224,-90,-255
mano_abierta,0,0,-66,-26,-114,-75,-150,-119,-183,-138,-59,-144,-80,-215,-90,-257,-95,-289,-15,-151,-22,-226,-26,-268,-25,-296,25,-145,28,-215,31,-254,34,-283,59,-130,71,-181,76,-211,82,-235
mano_abierta,0,0,56,-18,92,-52,118,-74,140,-90,84,-119,110,-166,128,-195,143,-222,62,-124,65,-190,71,-231,76,-267,39,-111,29,-173,24,-215,22,-253,17,-84,-14,-125,-29,-156,-39,-187
mano_abierta,0,0,-45,-51,-66,-102,-85,-155,-113,-187,26,-152,23,-230,23,-274,28,-308,65,-147,70,-230,73,-275,80,-311,90,-133,104,-205,117,-244,128,-275,103,-117,121,-167,133,-194,145,-215
mano_abierta,0,0,66,-35,123,-99,164,-148,204,-180,78,-181,111,-244,133,-283,152,-318,38,-189,60,-268,74,-321,84,-368,-3,-179,3,-255,4,-305,5,-350,-47,-152,-61,-210,-72,-251,-81,-291
mano_abierta,0,0,-11,-56,-6,-108,10,-143,25,-165,-6,-131,15,-194,27,-230,36,-258,10,-130,37,-204,52,-247,62,-280,31,-119,56,-192,66,-234,73,-268,59,-100,78,-156,86,-191,93,-221
mano_abierta,0,0,-47,-41,-69,-91,-84,-142,-105,-176,10,-133,7,-201,7,-238,9,-267,45,-131,49,-201,51,-241,57,-271,69,-119,80,-180,90,-215,99,-241,81,-104,100,-143,111,-165,122,-182
mano_abierta,0,0,-54,-25,-95,-65,-122,-101,-145,-125,-53,-128,-68,-189,-75,-223,-79,-249,-18,-134,-24,-199,-27,-238,-27,-263,17,-129,15,-190,14,-223,14,-245,53,-116,63,-162,66,-189,66,-211
mano_abierta,0,0,-63,-27,-110,-75,-140,-124,-168,-164,-70,-164,-88,-227,-98,-265,-104,-301,-27,-174,-33,-245,-35,-291,-38,-332,11,-166,14,-231,16,-273,16,-312,47,-147,61,-192,71,-222,79,-252
mano_abierta,0,0,-66,-19,-119,-55,-157,-91,-190,-122,-90,-154,-115,-214,-131,-250,-143,-283,-50,-166,-61,-236,-69,-280,-76,-317,-12,-162,-16,-226,-18,-267,-22,-304,25,-144,34,-191,40,-222,43,-251
mano_abierta,0,0,-63,-18,-115,-52,-156,-83,-197,-107,-79,-157,-104,-224,-117,-265,-126,-303,-34,-165,-36,-243,-35,-294,-33,-339,7,-155,15,-225,20,-270,23,-312,43,-132,66,-183,81,-217,93,-250
mano_abierta,0,0,-62,-35,-96,-96,-110,-142,-126,-181,-61,-180,-64,-247,-66,-289,-65,-327,-28,-181,-21,-260,-18,-315,-14,-363,1,-164,18,-239,31,-288,41,-333,25,-134,51,-187,69,-225,86,-260
mano_abierta,0,0,-67,-29,-112,-88,-132,-137,-161,-160,-76,-168,-97,-220,-105,-249,-110,-275,-33,-179,-41,-243,-43,-283,-45,-311,7,-173,9,-230,10,-266,9,-296,45,-158,55,-200,62,-226,67,-250
mano_abierta,0,0,-57,-15,-102,-51,-131,-90,-163,-125,-68,-106,-97,-161,-115,-196,-126,-233,-20,-117,-19,-183,-14,-231,-8,-277,23,-108,45,-171,62,-214,75,-258,60,-86,99,-129,126,-158,147,-191
mano_abierta,0,0,45,-53,65,-108,81,-153,108,-177,27,-154,36,-227,40,-272,43,-306,-13,-150,-31,-232,-44,-279,-53,-314,-49,-136,-73,-206,-85,-249,-93,-281,-80,-114,-97,-168,-108,-200,-116,-227
mano_abierta,0,0,37,-53,50,-114,59,-160,83,-182,11,-154,13,-225,13,-270,13,-304,-27,-147,-51,-224,-67,-271,-80,-307,-61,-130,-90,-197,-104,-239,-115,-271,-90,-105,-117,-154,-132,-186,-145,-213
mano_abierta,0,0,33,-60,42,-124,51,-175,77,-202,-7,-159,-8,-239,-11,-290,-12,-327,-45,-147,-72,-230,-92,-281,-109,-319,-78,-124,-113,-191,-134,-233,-150,-265,-105,-95,-142,-135,-166,-161,-185,-185
mano_abierta,0,0,-70,-25,-129,-73,-173,-115,-216,-140,-88,-178,-120,-241,-138,-279,-149,-316,-40,-191,-50,-269,-54,-319,-56,-360,6,-185,7,-253,11,-297,12,-336,49,-165,66,-215,79,-248,88,-279
mano_abierta,0,0,-70,-26,-127,-76,-170,-119,-211,-147,-87,-178,-118,-242,-135,-282,-146,-319,-38,-191,-46,-270,-48,-320,-49,-362,8,-184,11,-253,15,-297,16,-337,51,-163,68,-213,81,-246,91,-277
mano_abierta,0,0,35,-60,47,-123,54,-173,81,-200,16,-166,20,-244,21,-296,23,-333,-24,-158,-47,-244,-63,-296,-76,-336,-61,-140,-94,-212,-111,-258,-123,-294,-96,-112,-129,-162,-150,-194,-166,-222
mano_abierta,0,0,-55,-16,-103,-45,-142,-68,-180,-89,-78,-136,-103,-195,-120,-231,-134,-263,-43,-144,-52,-216,-60,-261,-68,-301,-8,-137,-8,-202,-13,-245,-18,-284,26,-119,35,-169,36,-203,35,-236
mano_abierta,0,0,88,-35,157,-113,202,-175,243,-213,108,-234,141,-315,157,-369,170,-416,48,-249,66,-351,82,-414,97,-467,-9,-238,-6,-335,3,-398,14,-454,-67,-207,-77,-282,-81,-336,-80,-390
mano_abierta,0,0,-38,-55,-53,-114,-55,-161,-64,-193,10,-155,17,-232,21,-274,23,-305,48,-147,78,-223,93,-265,102,-292,82,-126,114,-194,130,-229,141,-254,110,-97,145,-150,165,-181,181,-207
mano_abierta,0,0,-49,-32,-76,-70,-94,-112,-108,-146,-11,-125,-18,-191,-22,-227,-24,-255,24,-126,22,-195,21,-234,22,-263,49,-116,54,-176,59,-212,63,-239,65,-101,76,-143,82,-169,88,-190
mano_abierta,0,0,-37,-38,-45,-82,-51,-127,-62,-162,26,-108,35,-171,39,-207,44,-235,53,-103,62,-168,66,-207,72,-235,68,-92,83,-147,93,-178,101,-201,74,-81,88,-121,96,-141,105,-156
mano_abierta,0,0,62,-22,115,-66,155,-103,187,-124,73,-146,97,-195,110,-228,119,-256,36,-156,43,-216,49,-252,53,-282,2,-153,3,-209,4,-245,5,-277,-33,-140,-43,-183,-51,-212,-57,-241
rock,0,0,60,-66,75,-138,45,-179,4,-191,82,-158,98,-255,108,-307,112,-349,30,-163,23,-234,18,-203,22,-177,-19,-156,-18,-223,-18,-196,-14,-173,-63,-149,-59,-223,-59,-262,-58,-295
rock,0,0,-65,-37,-101,-97,-88,-162,-49,-206,-116,-168,-149,-235,-171,-276,-186,-314,-69,-179,-89,-232,-80,-179,-65,-141,-22,-182,-35,-218,-38,-163,-35,-124,22,-181,12,-247,1,-290,-9,-331
rock,0,0,-63,-59,-100,-120,-119,-169,-95,-210,-26,-193,-50,-252,-74,-286,-89,-316,-3,-191,-67,-225,-78,-173,-65,-153,13,-185,-63,-214,-73,-160,-55,-132,18,-176,-19,-244,-38,-285,-43,-327
rock,0,0,33,-64,38,-129,8,-165,-29,-176,49,-171,36,-246,29,-289,27,-323,12,-167,-31,-215,-40,-180,-32,-156,-27,-153,-64,-199,-67,-168,-54,-147,-69,-138,-90,-203,-102,-238,-108,-272
rock,0,0,-55,-63,-84,-120,-100,-165,-87,-205,13,-181,-52,-215,-71,-174,-62,-148,25,-177,-62,-210,-71,-160,-54,-142,26,-172,-64,-201,-71,-149,-50,-125,15,-165,-29,-228,-48,-262,-50,-298
rock,0,0,42,-65,52,-131,22,-167,-17,-178,63,-168,67,-249,70,-296,72,-332,18,-165,-9,-224,-21,-192,-15,-167,-27,-152,-49,-205,-54,-176,-45,-154,-72,-138,-80,-206,-86,-242,-86,-275
rock,0,0,35,-66,40,-132,11,-169,-26,-182,57,-169,51,-246,50,-290,53,-325,17,-169,-29,-219,-40,-183,-31,-160,-25,-157,-72,-198,-76,-165,-63,-145,-69,-142,-106,-203,-131,-235,-149,-266
rock,0,0,50,-69,61,-134,32,-169,-5,-183,73,-167,98,-247,113,-296,124,-332,24,-171,13,-225,4,-194,9,-172,-23,-163,-30,-208,-32,-181,-26,-159,-68,-150,-79,-216,-88,-250,-92,-279
rock,0,0,-58,-33,-96,-94,-84,-154,-44,-192,-94,-166,-122,-233,-139,-273,-149,-310,-52,-172,-70,-218,-68,-166,-59,-130,-9,-169,-25,-201,-34,-146,-33,-107,30,-163,30,-223,26,-264,22,-306
rock,0,0,-60,-62,-89,-114,-106,-154,-93,-194,-20,-181,-35,-239,-53,-276,-63,-307,4,-177,-57,-216,-77,-168,-68,-139,20,-169,-53,-205,-73,-164,-63,-140,28,-161,-12,-222,-32,-252,-36,-281
rock,0,0,3,-64,-17,-132,-67,-172,-110,-189,36,-182,8,-256,-3,-296,-9,-329,18,-177,-61,-213,-71,-173,-60,-150,-10,-161,-81,-200,-84,-160,-70,-136,-46,-145,-82,-208,-102,-245,-112,-281
rock,0,0,49,-58,57,-116,34,-149,12,-168,46,-155,65,-234,75,-281,82,-317,4,-158,17,-199,19,-171,22,-150,-31,-150,-15,-182,-7,-155,-3,-133,-61,-138,-57,-190,-56,-217,-55,-239
rock,0,0,31,-66,33,-127,3,-161,-32,-172,41,-162,33,-237,28,-280,26,-314,4,-163,-37,-207,-47,-174,-38,-151,-36,-151,-74,-189,-75,-158,-62,-139,-77,-138,-101,-199,-117,-230,-127,-260
rock,0,0,-55,-54,-85,-106,-104,-147,-94,-185,-9,-173,-59,-202,-79,-161,-76,-131,5,-169,-63,-200,-78,-149,-71,-120,15,-162,-62,-186,-75,-135,-62,-104,15,-151,-21,-212,-42,-250,-51,-287
rock,0,0,-56,-38,-83,-99,-65,-160,-26,-196,-94,-165,-116,-232,-129,-271,-138,-309,-48,-171,-57,-221,-52,-172,-45,-133,-4,-169,-7,-203,-16,-151,-20,-112,37,-162,39,-221,39,-262,36,-301
rock,0,0,-44,-57,-46,-112,-26,-151,1,-168,-40,-149,-40,-220,-41,-264,-39,-297,2,-149,11,-196,9,-175,5,-156,41,-139,44,-180,39,-163,35,-145,69,-123,86,-182,97,-210,105,-231
rock,0,0,-50,-49,-59,-106,-52,-146,-39,-168,-43,-148,-52,-218,-57,-257,-58,-287,-5,-151,-14,-196,-24,-173,-27,-153,28,-142,15,-178,4,-158,1,-139,54,-127,60,-185,66,-209,73,-224
rock,0,0,-48,-61,-73,-124,-59,-169,-27,-184,-84,-175,-75,-255,-66,-301,-56,-335,-50,-181,10,-230,25,-199,18,-176,-5,-175,43,-220,52,-189,42,-169,44,-164,73,-236,92,-269,104,-300
rock,0,0,56,-51,78,-109,95,-150,78,-175,-17,-169,34,-215,58,-173,60,-138,-33,-165,38,-208,61,-156,60,-117,-38,-159,34,-204,56,-160,53,-124,-34,-151,-12,-220,0,-267,9,-305
rock,0,0,-56,-62,-75,-134,-51,-186,-10,-206,-97,-158,-125,-258,-138,-318,-149,-366,-50,-160,-19,-242,-5,-211,-11,-184,3,-155,28,-231,36,-207,30,-184,55,-148,64,-236,73,-277,77,-312
te_quiero,0,0,-46,-54,-59,-125,-29,-174,18,-194,-76,-168,-94,-253,-103,-308,-111,-348,-33,-175,2,-231,10,-201,0,-176,18,-169,48,-231,55,-204,44,-183,69,-159,85,-231,98,-267,104,-300
rock,0,0,-108,-80,-135,-182,-127,-258,-97,-301,-105,-258,-135,-395,-152,-476,-163,-539,-27,-274,-71,-335,-82,-286,-79,-249,41,-265,-14,-305,-30,-263,-31,-228,92,-243,94,-355,104,-411,110,-452
rock,0,0,-61,-49,-79,-111,-59,-150,-29,-165,-53,-160,-71,-229,-81,-269,-87,-301,-7,-168,-32,-199,-40,-174,-40,-153,31,-161,3,-188,-6,-167,-8,-147,59,-147,55,-203,57,-230,58,-253
rock,0,0,32,-44,49,-91,68,-122,82,-144,-22,-150,5,-205,18,-238,27,-266,-21,-149,64,-168,80,-131,75,-103,-6,-139,73,-160,80,-121,70,-96,18,-130,50,-179,65,-213,77,-246
rock,0,0,63,-34,114,-107,93,-170,36,-175,106,-180,121,-248,123,-290,123,-330,58,-187,62,-231,60,-173,60,-132,13,-184,10,-222,21,-160,28,-116,-31,-177,-36,-237,-39,-273,-41,-314
rock,0,0,54,-33,94,-95,81,-145,35,-148,56,-165,68,-228,75,-265,82,-296,20,-167,9,-232,5,-273,4,-310,-12,-160,-2,-187,18,-140,28,-102,-43,-148,-49,-201,-54,-236,-60,-268
rock,0,0,59,-35,103,-100,79,-153,30,-160,94,-160,103,-219,103,-256,104,-289,49,-164,50,-209,50,-157,51,-116,7,-160,3,-197,14,-145,21,-104,-34,-152,-43,-208,-47,-243,-50,-280
rock,0,0,-34,-63,-39,-125,-12,-166,27,-180,-48,-162,-41,-241,-32,-283,-25,-315,-16,-161,34,-210,43,-178,34,-156,24,-150,65,-195,70,-165,60,-147,64,-134,86,-201,99,-233,106,-263
rock,0,0,55,-43,80,-87,102,-119,99,-139,12,-150,66,-176,78,-139,68,-113,1,-150,76,-170,81,-125,63,-101,1,-146,73,-169,76,-124,59,-97,7,-140,34,-195,52,-228,66,-258
rock,0,0,-36,-59,-37,-115,-10,-152,31,-162,-50,-148,-50,-225,-47,-268,-44,-301,-16,-149,20,-200,28,-171,21,-150,23,-141,50,-189,56,-163,48,-146,61,-129,76,-190,88,-219,92,-246
rock,0,0,-63,-48,-78,-107,-58,-148,-24,-163,-61,-153,-70,-228,-72,-273,-72,-308,-19,-160,-28,-199,-32,-175,-32,-154,21,-153,4,-184,-2,-162,-3,-142,54,-139,50,-197,52,-226,52,-249
pulgar,0,0,-24,-46,-26,-100,-20,-139,-12,-171,28,-106,-34,-91,-35,-71,-16,-70,46,-79,-29,-56,-23,-42,-2,-45,54,-45,-18,-24,-10,-16,10,-20,56,-12,-1,1,2,5,19,0
pulgar,0,0,-25,-41,-27,-93,-22,-128,-21,-158,30,-105,-19,-86,-25,-65,-10,-63,49,-82,-8,-57,-12,-41,1,-42,60,-54,5,-31,1,-21,13,-25,66,-25,23,-11,13,-6,20,-8
pulgar,0,0,-15,-45,-41,-84,-62,-114,-61,-141,-92,-73,-120,-55,-105,-45,-89,-47,-98,-45,-117,-28,-102,-21,-86,-24,-98,-16,-112,-5,-98,0,-82,-2,-94,12,-108,16,-93,20,-80,18
pulgar,0,0,-9,-31,-3,-65,3,-89,0,-105,40,-64,58,-81,42,-73,31,-64,50,-47,70,-62,46,-51,38,-45,57,-29,74,-39,52,-32,45,-28,63,-10,78,-19,61,-17,53,-15
pulgar,0,0,-23,-41,-27,-85,-27,-118,-32,-145,35,-97,-9,-96,-17,-76,-8,-69,51,-76,-5,-69,-12,-52,-1,-46,56,-49,4,-43,-2,-32,9,-29,55,-22,16,-18,10,-14,18,-13
pulgar,0,0,-24,-38,-32,-83,-32,-117,-30,-148,13,-96,-42,-75,-38,-60,-18,-63,30,-73,-33,-43,-22,-36,-2,-42,41,-44,-20,-16,-9,-12,9,-19,47,-13,-2,6,5,6,22,1
pulgar,0,0,30,-75,42,-153,44,-211,45,-262,-15,-166,71,-153,63,-127,37,-129,-30,-127,70,-112,52,-92,26,-96,-34,-84,62,-69,43,-54,19,-59,-29,-43,47,-37,33,-32,8,-33
pulgar,0,0,4,-64,28,-112,46,-152,42,-186,105,-98,102,-90,84,-79,71,-74,119,-66,113,-61,94,-55,81,-49,121,-31,114,-32,98,-27,83,-23,116,0,111,-1,96,2,83,5
pulgar,0,0,-6,-57,-40,-109,-60,-144,-70,-174,-110,-101,-117,-137,-80,-121,-74,-104,-124,-73,-129,-113,-81,-97,-80,-79,-130,-42,-130,-76,-83,-65,-83,-48,-128,-7,-129,-41,-93,-38,-89,-23
pulgar,0,0,15,-57,17,-117,15,-164,11,-206,-30,-120,42,-124,43,-101,21,-94,-37,-86,49,-88,39,-68,18,-64,-33,-50,48,-51,36,-35,15,-33,-24,-17,39,-18,29,-9,8,-7
pulgar,0,0,11,-52,33,-96,54,-132,56,-163,83,-93,119,-79,110,-66,92,-63,94,-64,122,-49,110,-40,91,-39,100,-32,122,-20,109,-14,91,-15,101,1,116,8,103,10,88,8
pulgar,0,0,-32,-55,-49,-110,-55,-149,-51,-178,-9,-133,-69,-114,-61,-94,-41,-96,6,-109,-63,-83,-49,-73,-29,-77,15,-80,-51,-56,-37,-49,-18,-54,18,-48,-35,-31,-28,-27,-10,-31
pulgar,0,0,-9,-49,-32,-95,-45,-132,-34,-162,-75,-99,-119,-85,-110,-70,-95,-69,-83,-75,-120,-56,-109,-44,-93,-46,-88,-45,-118,-33,-106,-24,-90,-25,-91,-17,-114,-12,-101,-5,-87,-5
pulgar,0,0,-14,-32,-12,-69,-7,-95,-14,-112,39,-72,60,-94,44,-85,31,-74,52,-55,72,-75,47,-61,38,-51,61,-36,77,-50,52,-39,45,-32,69,-14,83,-28,65,-24,58,-19
pulgar,0,0,-26,-52,-38,-99,-38,-136,-28,-165,-6,-117,-62,-111,-61,-90,-47,-88,4,-94,-63,-81,-54,-67,-38,-68,7,-67,-56,-56,-46,-46,-29,-48,6,-40,-44,-33,-37,-27,-23,-29
pulgar,0,0,-6,-45,-27,-86,-40,-119,-30,-144,-60,-89,-103,-82,-91,-70,-75,-69,-66,-65,-106,-56,-92,-46,-76,-46,-71,-39,-103,-32,-88,-24,-73,-25,-74,-13,-100,-11,-86,-6,-71,-6
pulgar,0,0,-16,-33,-20,-72,-16,-101,-8,-125,19,-74,-29,-60,-29,-48,-15,-49,31,-51,-25,-33,-19,-27,-2,-32,37,-26,-17,-10,-10,-8,5,-13,37,-1,-5,9,-1,7,13,2
pulgar,0,0,-8,-41,-29,-78,-40,-109,-31,-132,-59,-77,-99,-69,-89,-59,-74,-60,-64,-54,-100,-45,-88,-38,-73,-38,-67,-29,-97,-24,-85,-18,-70,-18,-68,-5,-93,-4,-81,1,-67,0
pulgar,0,0,11,-57,37,-104,56,-142,56,-175,107,-90,119,-71,101,-62,85,-62,118,-59,123,-41,105,-35,87,-36,119,-25,121,-12,105,-7,87,-8,114,6,116,17,100,20,86,18
pulgar,0,0,16,-50,14,-109,9,-153,3,-196,-51,-106,29,-111,26,-91,2,-84,-62,-71,32,-77,20,-61,-3,-57,-59,-35,29,-42,17,-27,-5,-25,-50,1,19,-8,10,-2,-11,1
pulgar,0,0,-16,-47,-45,-84,-68,-113,-66,-141,-90,-85,-128,-58,-115,-43,-101,-43,-94,-62,-125,-29,-110,-19,-94,-24,-94,-35,-118,-8,-103,-1,-89,-6,-91,-7,-114,12,-101,17,-88,13
pulgar,0,0,-8,-28,3,-64,14,-88,14,-107,45,-64,56,-79,41,-70,32,-62,58,-49,55,-54,34,-42,31,-38,64,-30,58,-31,38,-24,37,-23,68,-10,63,-13,46,-10,42,-11
pulgar,0,0,-12,-32,-7,-66,2,-91,7,-111,33,-69,-4,-66,-8,-53,2,-49,42,-51,-4,-43,-4,-32,7,-29,45,-30,1,-23,2,-15,14,-15,43,-10,8,-6,9,-2,19,-2
pulgar,0,0,-9,-36,-29,-68,-45,-93,-40,-116,-68,-63,-94,-52,-85,-43,-71,-43,-74,-43,-90,-29,-79,-23,-67,-25,-75,-20,-87,-11,-76,-6,-64,-7,-75,1,-84,6,-72,11,-62,10
pulgar,0,0,-11,-29,-5,-64,3,-89,-3,-105,36,-64,55,-78,35,-66,27,-60,46,-46,59,-55,35,-41,35,-41,54,-28,63,-34,41,-24,42,-24,61,-10,68,-16,51,-10,49,-8
pulgar,0,0,-10,-28,-7,-60,-1,-83,7,-101,27,-65,-10,-57,-14,-46,-4,-45,36,-47,-10,-34,-11,-25,2,-28,39,-25,-4,-16,-4,-9,8,-11,39,-5,4,1,4,3,14,2
pulgar,0,0,28,-60,36,-120,33,-163,27,-202,-2,-142,68,-130,60,-106,40,-106,-11,-114,72,-99,56,-81,36,-84,-14,-81,66,-69,49,-54,31,-57,-11,-49,51,-43,40,-36,20,-38
pulgar,0,0,9,-48,35,-88,54,-118,54,-145,96,-77,100,-58,84,-51,70,-52,105,-50,102,-33,86,-29,73,-31,104,-21,98,-9,83,-7,69,-9,99,6,91,16,77,16,65,13
pulgar,0,0,18,-56,8,-111,-6,-151,-20,-187,-53,-125,10,-134,20,-108,6,-97,-66,-100,13,-105,19,-81,6,-70,-68,-70,7,-75,13,-55,0,-47,-63,-39,-4,-47,2,-35,-9,-28
pulgar,0,0,27,-58,37,-114,38,-154,41,-189,1,-113,61,-114,57,-93,40,-92,-6,-83,67,-81,55,-66,35,-68,-5,-54,64,-52,50,-39,32,-41,2,-27,57,-29,46,-20,27,-20
paz,0,0,-33,-13,-48,-42,-21,-68,8,-90,-52,-118,-70,-165,-81,-196,-89,-224,-17,-126,-7,-183,4,-217,14,-248,12,-113,24,-137,13,-104,4,-82,35,-90,37,-99,24,-75,13,-58
paz,0,0,-32,-10,-46,-38,-22,-63,5,-85,-54,-114,-74,-159,-86,-188,-94,-215,-20,-122,-10,-177,2,-212,12,-243,8,-110,20,-134,10,-101,2,-79,31,-88,33,-94,19,-72,8,-57
paz,0,0,-47,-27,-79,-62,-101,-86,-98,-112,-45,-126,-61,-171,-70,-201,-74,-226,-23,-123,-29,-178,-40,-214,-49,-243,-4,-111,-36,-150,-69,-132,-89,-112,4,-91,-38,-117,-66,-104,-82,-87
paz,0,0,-43,-19,-74,-51,-90,-79,-76,-103,-54,-119,-74,-166,-86,-195,-94,-220,-28,-121,-23,-178,-24,-213,-25,-241,-5,-109,-25,-148,-49,-124,-62,-100,12,-90,-17,-115,-42,-99,-57,-79
paz,0,0,-30,-19,-45,-49,-23,-79,3,-104,-53,-118,-75,-164,-88,-194,-96,-220,-20,-125,-8,-180,4,-214,14,-243,8,-111,21,-136,11,-107,4,-85,30,-88,34,-104,23,-85,15,-69
paz,0,0,16,-47,5,-86,-20,-100,-46,-103,9,-104,11,-149,13,-178,16,-201,-18,-98,-46,-147,-64,-173,-78,-191,-41,-84,-70,-121,-63,-109,-53,-95,-58,-65,-71,-93,-63,-85,-54,-73
paz,0,0,-37,-33,-59,-60,-75,-80,-75,-99,-22,-113,-33,-148,-38,-172,-40,-192,-5,-111,-18,-151,-26,-178,-32,-200,6,-100,-32,-123,-58,-106,-71,-87,7,-82,-32,-94,-55,-86,-71,-75
paz,0,0,-28,-13,-43,-35,-41,-58,-35,-76,-49,-85,-67,-114,-78,-134,-86,-151,-28,-90,-27,-133,-28,-157,-28,-177,-8,-83,-10,-112,-22,-98,-29,-85,11,-69,2,-86,-11,-74,-18,-60
paz,0,0,-22,-14,-32,-38,-15,-63,2,-80,-49,-85,-68,-117,-80,-138,-88,-156,-26,-94,-28,-132,-25,-158,-23,-181,-5,-90,4,-115,4,-99,1,-85,15,-79,23,-97,19,-87,14,-75
paz,0,0,-24,-17,-33,-44,-16,-69,5,-84,-44,-93,-63,-127,-74,-150,-82,-170,-19,-101,-16,-141,-13,-167,-10,-188,2,-95,10,-123,7,-109,4,-94,22,-82,29,-101,24,-92,19,-80
paz,0,0,-26,-18,-40,-40,-29,-61,-11,-71,-35,-82,-47,-113,-56,-131,-64,-148,-16,-85,-14,-123,-15,-144,-13,-161,3,-78,1,-105,-10,-86,-14,-69,20,-65,16,-84,6,-72,0,-57
paz,0,0,-33,-22,-53,-45,-66,-60,-72,-69,-19,-89,-25,-117,-32,-136,-37,-151,-11,-88,-18,-125,-32,-147,-42,-163,-6,-80,-32,-108,-52,-98,-61,-84,-7,-67,-34,-85,-51,-78,-57,-67
paz,0,0,9,-39,2,-71,-17,-88,-36,-93,5,-85,4,-122,4,-146,6,-164,-11,-79,-35,-120,-52,-143,-64,-158,-28,-69,-58,-103,-61,-94,-57,-81,-44,-57,-66,-82,-65,-75,-58,-65
paz,0,0,46,-27,72,-75,52,-117,16,-141,57,-146,74,-204,83,-240,90,-275,21,-152,27,-219,33,-262,37,-298,-13,-141,-16,-197,3,-169,14,-137,-48,-117,-48,-159,-30,-142,-20,-117
paz,0,0,41,-29,71,-70,84,-108,65,-132,35,-136,48,-192,56,-224,62,-253,11,-137,17,-204,33,-243,46,-274,-15,-124,1,-181,32,-158,50,-132,-38,-102,-18,-141,9,-129,25,-109
paz,0,0,41,-39,66,-83,86,-112,87,-139,11,-144,16,-197,29,-230,40,-256,-6,-138,-5,-204,22,-241,44,-265,-19,-122,12,-176,53,-162,72,-141,-20,-99,18,-137,48,-127,60,-108
paz,0,0,45,-26,69,-69,51,-114,22,-142,67,-132,89,-183,100,-216,108,-246,35,-142,47,-202,55,-241,62,-274,3,-135,3,-186,9,-160,11,-131,-31,-118,-32,-155,-22,-137,-16,-113
paz,0,0,-24,-52,-15,-93,16,-114,43,-118,-15,-120,-10,-176,-9,-208,-6,-233,17,-117,28,-176,34,-211,42,-236,46,-104,62,-141,50,-129,40,-114,69,-85,75,-111,65,-103,60,-90
paz,0,0,33,-33,50,-70,67,-90,76,-108,7,-123,13,-163,22,-192,29,-215,-6,-118,-4,-170,15,-202,31,-224,-12,-104,18,-144,49,-132,62,-113,-8,-85,30,-110,52,-101,58,-85
paz,0,0,35,-32,55,-68,74,-90,83,-110,13,-124,23,-168,31,-195,37,-218,0,-120,21,-168,51,-193,74,-209,-10,-109,29,-143,58,-125,69,-105,-12,-90,28,-111,50,-98,57,-82
paz,0,0,34,-24,58,-57,74,-86,67,-111,29,-109,51,-152,68,-176,81,-197,9,-112,16,-170,31,-202,43,-226,-10,-105,10,-147,39,-134,55,-116,-26,-90,-2,-121,22,-110,35,-92
paz,0,0,35,-27,46,-69,20,-102,-9,-120,42,-118,59,-162,67,-189,74,-214,13,-126,15,-181,16,-216,17,-246,-15,-117,-23,-157,-17,-135,-14,-112,-41,-98,-50,-130,-43,-115,-38,-96
paz,0,0,34,-27,45,-67,22,-100,-6,-118,40,-120,53,-168,59,-198,64,-225,11,-124,13,-176,14,-210,15,-238,-17,-115,-22,-156,-17,-139,-13,-116,-43,-97,-51,-130,-43,-121,-37,-104
paz,0,0,32,-33,53,-68,69,-92,71,-114,14,-121,19,-167,23,-197,25,-223,-3,-117,0,-174,13,-207,23,-232,-19,-104,3,-148,36,-137,55,-120,-29,-85,-5,-113,21,-108,36,-97
paz,0,0,36,-21,57,-58,42,-93,17,-115,53,-116,74,-159,84,-187,92,-212,25,-123,33,-177,39,-211,44,-240,-3,-116,-2,-156,5,-135,8,-111,-31,-99,-30,-130,-20,-115,-16,-95
paz,0,0,-21,-13,-30,-36,-17,-64,-5,-84,-52,-71,-68,-98,-78,-116,-87,-131,-33,-79,-37,-113,-38,-135,-39,-154,-14,-76,-10,-97,-10,-81,-10,-69,2,-68,2,-84,-1,-73,-4,-62
paz,0,0,-19,-13,-26,-35,-12,-60,0,-78,-48,-69,-64,-98,-73,-116,-82,-130,-30,-75,-31,-111,-29,-132,-27,-148,-13,-71,-7,-83,-8,-65,-10,-53,3,-62,6,-73,3,-58,2,-48
paz,0,0,-18,-10,-28,-30,-18,-53,-6,-72,-46,-67,-63,-96,-74,-113,-83,-128,-28,-75,-30,-108,-29,-131,-28,-149,-10,-72,-6,-86,-4,-69,-2,-57,6,-65,5,-82,4,-76,3,-69
paz,0,0,-18,-12,-26,-35,-12,-59,0,-78,-46,-71,-60,-100,-69,-118,-77,-133,-28,-77,-25,-110,-21,-129,-18,-146,-11,-73,-4,-85,-7,-66,-9,-54,5,-64,7,-77,4,-62,1,-52
paz,0,0,-25,-13,-38,-36,-36,-58,-27,-75,-38,-71,-52,-101,-61,-119,-68,-136,-22,-75,-23,-112,-24,-134,-23,-152,-6,-69,-11,-94,-22,-78,-27,-64,9,-58,-2,-76,-11,-64,-15,-51
paz,0,0,-10,-28,-31,-52,-59,-61,-79,-68,-10,-76,-27,-110,-33,-130,-38,-148,-15,-68,-41,-101,-58,-120,-71,-134,-23,-54,-60,-75,-71,-68,-72,-59,-34,-38,-62,-57,-69,-56,-69,-52
paz,0,0,13,-33,8,-64,-10,-76,-29,-80,10,-76,11,-111,12,-133,13,-151,-9,-72,-28,-109,-41,-131,-51,-148,-26,-63,-49,-89,-45,-80,-38,-69,-41,-52,-56,-73,-53,-66,-46,-57
paz,0,0,-27,-16,-40,-43,-32,-69,-21,-89,-45,-79,-61,-109,-72,-127,-79,-144,-25,-85,-26,-125,-26,-148,-23,-168,-6,-80,-4,-108,-14,-90,-19,-73,12,-68,8,-88,-2,-75,-7,-61
paz,0,0,-26,-19,-40,-44,-41,-69,-29,-87,-31,-79,-43,-112,-51,-132,-55,-150,-13,-81,-9,-122,-7,-145,-5,-164,3,-75,-1,-107,-16,-91,-24,-75,17,-64,6,-86,-8,-76,-16,-63
paz,0,0,-29,-21,-47,-47,-60,-67,-52,-82,-26,-82,-37,-114,-44,-133,-47,-149,-12,-83,-12,-123,-16,-147,-19,-165,0,-77,-17,-104,-37,-92,-48,-78,8,-67,-14,-85,-31,-78,-41,-67
paz,0,0,49,-38,84,-81,112,-115,110,-152,38,-163,48,-226,58,-265,65,-297,15,-161,27,-239,53,-282,71,-312,-7,-147,30,-204,73,-186,95,-160,-24,-123,19,-162,52,-150,69,-129
paz,0,0,48,-26,76,-75,69,-123,36,-148,55,-147,76,-205,84,-242,90,-276,20,-152,24,-221,31,-267,36,-305,-14,-139,-17,-197,5,-176,18,-149,-48,-115,-41,-154,-22,-137,-11,-112
paz,0,0,42,-25,54,-75,6,-112,-36,-134,61,-150,82,-210,93,-248,102,-282,22,-162,27,-231,28,-275,31,-314,-14,-156,-26,-198,-32,-167,-35,-136,-47,-139,-64,-173,-61,-157,-56,-138
paz,0,0,-19,-62,-8,-104,19,-125,46,-129,-5,-137,1,-191,2,-224,4,-249,26,-133,41,-196,48,-236,55,-265,54,-117,77,-158,65,-141,54,-124,79,-91,93,-126,82,-115,74,-99
paz,0,0,-42,-21,-62,-56,-61,-80,-44,-87,-16,-96,-23,-147,-24,-176,-23,-197,5,-93,-2,-144,-5,-172,-4,-191,18,-85,1,-121,-12,-138,-17,-144,22,-75,6,-103,-7,-111,-11,-110
llamame,0,0,-7,-43,-29,-84,-41,-116,-30,-141,-49,-88,-105,-87,-92,-73,-73,-70,-55,-65,-108,-57,-92,-44,-76,-45,-60,-38,-110,-33,-95,-22,-78,-21,-64,-12,-107,-11,-133,-6,-155,-5
llamame,0,0,-16,-44,-12,-88,-4,-121,0,-149,40,-90,1,-93,-20,-76,-25,-64,54,-66,1,-59,-20,-46,-19,-38,59,-36,11,-29,-11,-24,-15,-19,58,-7,45,0,42,3,45,9
llamame,0,0,-1,-45,-19,-91,-27,-127,-12,-152,-35,-93,-92,-100,-81,-86,-62,-81,-42,-68,-99,-71,-84,-58,-67,-57,-50,-39,-104,-46,-90,-36,-73,-32,-58,-12,-103,-19,-129,-20,-151,-23
llamame,0,0,-19,-46,-18,-90,-14,-124,-11,-151,29,-94,-14,-96,-31,-76,-35,-61,43,-71,-12,-63,-30,-45,-32,-33,47,-44,-1,-36,-26,-29,-39,-21,43,-16,33,-8,31,-5,32,2
llamame,0,0,-9,-45,-31,-85,-44,-116,-40,-142,-63,-82,-113,-74,-98,-63,-80,-64,-69,-56,-111,-46,-95,-36,-81,-37,-73,-28,-112,-20,-98,-12,-81,-12,-76,0,-119,-3,-146,-2,-167,-3
llamame,0,0,-11,-42,-36,-86,-44,-121,-35,-148,-44,-81,-106,-77,-92,-64,-72,-63,-45,-53,-107,-44,-91,-35,-71,-37,-47,-22,-105,-17,-91,-10,-74,-11,-49,6,-95,10,-122,14,-144,15
llamame,0,0,-33,-46,-50,-95,-48,-133,-36,-165,-24,-98,-91,-90,-87,-68,-68,-65,-13,-69,-90,-59,-83,-43,-63,-41,-9,-37,-83,-30,-79,-16,-63,-12,-9,-7,-67,0,-74,7,-69,12
llamame,0,0,-22,-49,-27,-96,-20,-132,-7,-159,21,-95,-38,-82,-37,-69,-18,-72,35,-69,-35,-54,-28,-48,-12,-52,40,-41,-27,-28,-24,-24,-10,-26,39,-13,-12,-4,-11,-2,0,-2
llamame,0,0,-1,-46,-18,-88,-26,-121,-15,-145,-63,-88,-101,-91,-88,-79,-72,-75,-76,-64,-105,-65,-91,-53,-77,-50,-84,-37,-112,-40,-99,-31,-83,-27,-90,-12,-128,-23,-151,-27,-169,-30
llamame,0,0,18,-37,46,-70,65,-97,68,-122,64,-57,119,-53,103,-43,84,-43,68,-32,119,-28,104,-20,87,-21,68,-7,115,-3,102,3,85,3,65,16,102,28,123,40,141,47
llamame,0,0,24,-36,49,-75,61,-106,57,-134,34,-66,91,-69,87,-50,70,-47,28,-43,91,-40,80,-28,59,-26,26,-18,83,-14,74,-6,56,-6,26,7,66,18,86,29,99,37
llamame,0,0,20,-37,22,-75,24,-105,24,-134,-26,-76,12,-78,26,-66,22,-59,-37,-53,9,-53,21,-43,14,-38,-41,-27,-3,-25,11,-20,7,-18,-37,-1,-15,5,-8,8,-13,12
llamame,0,0,10,-37,30,-74,46,-103,48,-127,43,-64,97,-74,84,-61,65,-57,52,-41,104,-49,89,-40,72,-36,57,-16,105,-24,91,-17,74,-14,60,7,95,13,117,20,136,24
llamame,0,0,8,-40,29,-73,51,-97,57,-119,67,-64,109,-65,95,-57,79,-55,75,-40,112,-43,99,-36,85,-34,78,-17,113,-20,101,-15,86,-12,78,5,111,10,131,16,148,19
llamame,0,0,17,-36,47,-72,69,-100,78,-126,46,-69,105,-66,92,-54,72,-53,44,-45,104,-40,91,-33,72,-32,43,-19,101,-14,88,-9,71,-10,44,7,85,17,105,26,121,31
llamame,0,0,15,-35,39,-71,57,-100,65,-127,34,-66,91,-71,82,-56,62,-51,34,-42,94,-45,82,-35,63,-32,36,-17,91,-18,80,-14,63,-13,38,7,79,17,101,25,118,29
llamame,0,0,5,-45,-6,-85,-19,-113,-29,-142,-66,-71,-43,-73,-16,-66,-2,-59,-74,-43,-46,-45,-18,-44,0,-39,-69,-12,-55,-13,-26,-17,-7,-18,-56,15,-60,25,-60,33,-65,42
llamame,0,0,11,-41,34,-76,56,-100,72,-121,45,-65,102,-73,88,-63,69,-59,52,-41,109,-49,95,-42,77,-38,57,-16,110,-24,97,-19,80,-17,60,7,100,11,124,18,144,22
llamame,0,0,6,-37,-2,-81,-5,-114,10,-136,-13,-89,-63,-106,-59,-87,-44,-79,-23,-70,-75,-82,-68,-64,-53,-60,-35,-46,-81,-59,-75,-46,-60,-40,-48,-24,-84,-45,-106,-58,-122,-71
llamame,0,0,3,-37,-7,-79,-12,-111,0,-132,-17,-91,-67,-107,-63,-88,-50,-80,-25,-74,-78,-84,-71,-65,-57,-61,-36,-52,-83,-63,-76,-48,-62,-42,-49,-30,-82,-48,-104,-58,-120,-70
llamame,0,0,-16,-30,-41,-53,-62,-70,-67,-87,-75,-47,-106,-32,-97,-20,-83,-18,-77,-29,-105,-13,-95,-4,-82,-3,-75,-8,-104,4,-95,11,-82,11,-71,13,-102,20,-121,25,-136,27
llamame,0,0,3,-37,-8,-78,-16,-109,-7,-131,-29,-87,-73,-101,-68,-84,-54,-78,-40,-69,-83,-81,-76,-66,-63,-61,-52,-48,-91,-63,-84,-51,-71,-45,-63,-27,-93,-49,-111,-61,-124,-72
llamame,0,0,-31,-26,-74,-41,-104,-56,-115,-81,-83,-22,-128,5,-114,5,-96,-3,-72,3,-117,27,-101,25,-86,17,-59,25,-103,46,-90,44,-75,36,-48,45,-85,59,-108,69,-125,76
llamame,0,0,-9,-37,-31,-72,-44,-101,-38,-127,-47,-68,-98,-72,-85,-61,-68,-58,-52,-46,-100,-48,-86,-38,-71,-38,-56,-22,-101,-27,-89,-19,-73,-17,-59,1,-95,-9,-117,-15,-134,-22
llamame,0,0,0,-32,-9,-68,-13,-95,-6,-113,-27,-72,-61,-89,-63,-81,-55,-73,-37,-59,-72,-74,-72,-65,-64,-58,-47,-45,-80,-61,-80,-53,-71,-46,-58,-30,-84,-46,-101,-53,-112,-59
llamame,0,0,-17,-29,-46,-54,-68,-74,-70,-97,-62,-45,-104,-36,-92,-29,-76,-30,-61,-25,-102,-15,-88,-9,-74,-12,-58,-4,-98,3,-86,7,-72,5,-55,17,-88,18,-108,19,-124,18
llamame,0,0,-15,-32,-39,-58,-56,-82,-55,-105,-54,-52,-99,-49,-87,-42,-70,-42,-56,-32,-98,-27,-84,-20,-70,-22,-55,-9,-97,-6,-85,-1,-69,-3,-54,12,-86,19,-106,26,-123,30
llamame,0,0,-17,-26,-39,-59,-49,-85,-48,-109,-31,-61,-81,-60,-79,-43,-66,-37,-26,-42,-82,-33,-76,-21,-61,-20,-24,-18,-75,-11,-70,0,-58,1,-24,6,-60,10,-78,15,-92,17
llamame,0,0,-9,-34,-28,-65,-42,-91,-40,-114,-52,-57,-93,-60,-81,-53,-66,-52,-58,-36,-96,-38,-82,-31,-68,-31,-61,-13,-98,-17,-86,-12,-70,-11,-62,8,-96,9,-117,10,-134,10
llamame,0,0,-11,-33,-32,-63,-46,-89,-43,-111,-50,-58,-93,-58,-81,-50,-66,-50,-54,-37,-95,-36,-81,-28,-67,-29,-56,-13,-96,-16,-85,-10,-69,-10,-57,8,-91,9,-113,11,-130,11
llamame,0,0,15,-27,36,-46,50,-61,51,-75,66,-44,99,-39,94,-28,81,-25,70,-28,94,-12,84,-5,74,-5,69,-8,91,7,81,12,71,11,64,11,87,25,100,36,111,44
llamame,0,0,14,-40,35,-73,57,-100,63,-124,64,-66,113,-75,120,-67,110,-59,70,-42,120,-42,110,-35,96,-33,74,-17,118,-16,107,-13,90,-13,73,7,110,16,133,24,152,29
llamame,0,0,11,-37,33,-73,53,-100,55,-124,50,-72,107,-74,106,-65,95,-63,53,-50,110,-51,101,-41,86,-41,58,-26,109,-29,100,-20,84,-18,62,-3,106,-9,131,-12,151,-16
llamame,0,0,17,-40,41,-73,63,-99,68,-122,66,-69,117,-75,128,-66,124,-58,72,-47,124,-45,115,-35,101,-33,74,-21,121,-18,110,-12,94,-10,73,4,112,14,135,23,154,28
llamame,0,0,6,-42,24,-76,42,-104,41,-126,68,-66,112,-74,103,-65,86,-61,77,-42,115,-48,103,-42,89,-39,80,-18,113,-23,102,-20,86,-18,79,4,112,11,131,17,147,20
llamame,0,0,14,-34,38,-71,56,-99,61,-125,32,-59,77,-76,101,-73,115,-66,34,-35,93,-41,87,-38,71,-36,37,-10,91,-11,82,-10,66,-10,39,15,80,26,102,36,117,44
llamame,0,0,8,-34,6,-70,4,-102,-3,-133,-27,-52,25,-48,19,-42,1,-43,-33,-23,31,-21,21,-20,1,-22,-31,5,26,5,21,7,4,3,-24,30,19,35,33,43,40,49
llamame,0,0,11,-42,32,-77,49,-105,53,-130,60,-63,99,-58,84,-52,69,-52,65,-37,99,-35,87,-30,73,-30,67,-11,97,-11,86,-8,72,-7,68,12,103,15,123,20,140,21
llamame,0,0,-10,-37,-31,-69,-46,-95,-45,-118,-50,-71,-96,-66,-87,-53,-72,-50,-53,-51,-98,-41,-85,-29,-70,-31,-55,-27,-98,-20,-85,-12,-70,-12,-55,-2,-93,-1,-115,3,-134,4
llamame,0,0,-22,-31,-41,-67,-48,-96,-45,-121,-33,-79,-84,-76,-88,-56,-78,-49,-27,-60,-84,-50,-86,-36,-75,-31,-24,-35,-78,-28,-87,-15,-85,-9,-24,-11,-63,-7,-77,-4,-84,-1
llamame,0,0,-8,-40,-27,-74,-38,-103,-34,-126,-50,-70,-97,-73,-84,-64,-66,-62,-57,-48,-100,-49,-84,-40,-69,-40,-61,-23,-101,-27,-88,-20,-72,-19,-64,0,-100,0,-122,1,-139,2
indice_abajo,0,0,-78,-2,-152,1,-206,-4,-250,-33,-127,-18,-151,75,-166,125,-177,167,-81,-9,-104,88,-97,60,-90,28,-34,0,-60,98,-55,68,-51,33,10,9,-20,89,-20,66,-17,34
indice_abajo,0,0,-60,18,-123,58,-174,68,-213,49,-98,59,-108,145,-111,194,-111,230,-52,61,-58,166,-61,151,-63,119,-6,62,-19,157,-23,138,-21,105,37,65,19,144,13,128,18,100
indice_abajo,0,0,-56,19,-115,61,-164,72,-203,55,-89,77,-85,159,-83,203,-76,237,-47,77,-51,167,-57,148,-58,116,-6,74,-13,156,-18,138,-17,109,34,74,24,144,19,127,22,100
indice_abajo,0,0,-59,20,-110,61,-156,70,-196,53,-71,74,-62,150,-58,192,-52,225,-25,73,-25,155,-40,148,-47,124,15,69,7,146,-7,137,-11,114,48,68,39,131,25,123,21,104
indice_abajo,0,0,-57,20,-111,62,-158,77,-194,62,-81,81,-77,155,-76,198,-72,231,-41,81,-41,160,-50,146,-52,119,-2,79,-8,152,-15,137,-16,111,33,78,23,138,16,122,17,97
indice_abajo,0,0,-42,21,-77,64,-104,90,-134,91,-95,77,-96,132,-98,167,-101,194,-74,73,-45,136,-37,118,-43,97,-47,68,-19,120,-15,101,-23,84,-18,62,1,105,4,89,-2,74
indice_abajo,0,0,-46,12,-92,42,-131,47,-158,31,-70,60,-73,123,-73,159,-69,187,-36,63,-43,129,-47,113,-46,88,-4,63,-15,122,-18,108,-16,86,27,65,11,114,9,99,14,80
indice_abajo,0,0,-50,10,-91,39,-128,51,-158,38,-63,69,-69,132,-72,169,-73,197,-28,77,-43,140,-58,149,-67,147,2,79,-18,139,-32,139,-38,128,26,80,7,128,-8,128,-14,120
indice_abajo,0,0,-48,13,-86,45,-122,61,-151,51,-59,74,-69,134,-76,170,-78,198,-25,80,-35,146,-47,139,-50,120,5,81,-7,143,-17,136,-19,118,30,80,17,131,6,126,5,112
indice_abajo,0,0,-48,14,-84,47,-121,63,-149,54,-57,80,-60,140,-62,176,-61,202,-24,87,-36,134,-45,121,-45,98,6,85,-10,128,-16,116,-14,96,31,83,14,118,8,105,10,87
indice_abajo,0,0,-49,13,-87,47,-123,64,-153,54,-57,77,-56,138,-56,173,-53,200,-23,82,-32,137,-43,125,-45,104,7,82,-9,132,-17,120,-15,101,31,81,13,121,6,109,7,93
indice_abajo,0,0,56,19,107,61,145,85,177,81,84,105,89,166,91,202,93,229,52,112,57,170,58,156,56,135,17,112,24,166,27,150,25,129,-17,108,-7,160,-2,149,-2,128
indice_abajo,0,0,44,3,75,27,99,34,120,19,47,79,41,138,37,174,28,202,17,89,40,143,54,124,52,104,-5,93,17,139,32,124,32,106,-17,95,4,131,16,121,14,107
indice_abajo,0,0,48,24,85,68,114,100,143,111,55,105,65,165,70,197,73,221,23,110,30,169,36,152,35,129,-10,105,-3,158,5,142,5,121,-40,97,-35,145,-27,133,-26,114
indice_abajo,0,0,46,23,83,68,116,95,146,104,56,100,62,163,67,197,69,224,23,106,25,176,35,161,39,138,-8,103,-7,165,4,150,7,128,-35,96,-37,149,-26,140,-23,121
indice_abajo,0,0,49,20,89,62,121,90,151,97,65,104,75,162,80,195,84,219,34,111,40,164,45,146,44,123,3,107,8,155,14,137,13,116,-25,100,-22,142,-15,128,-14,109
indice_abajo,0,0,54,12,102,49,138,70,166,66,81,90,83,149,86,183,87,209,48,100,60,152,68,141,68,124,18,103,32,152,40,139,39,121,-8,103,3,144,9,134,8,117
indice_abajo,0,0,43,13,73,43,101,55,124,43,44,96,36,152,29,183,22,207,16,100,20,146,31,133,32,115,-8,96,-2,138,9,126,11,109,-28,91,-22,129,-12,121,-10,106
indice_abajo,0,0,17,39,21,83,10,113,-5,132,45,107,34,151,30,176,28,196,41,101,-2,143,-13,125,-5,109,28,91,-12,130,-19,112,-10,98,11,80,-20,113,-25,99,-17,84
indice_abajo,0,0,21,42,27,85,26,117,35,138,31,111,21,161,16,192,13,215,23,101,-32,145,-36,125,-21,110,7,85,-43,126,-44,108,-31,95,-11,67,-51,104,-50,90,-37,75
indice_abajo,0,0,19,43,19,91,5,129,-8,157,35,112,23,162,16,193,12,217,26,103,-28,147,-36,128,-25,111,10,87,-40,128,-44,111,-34,97,-9,68,-48,105,-51,93,-41,79
indice_abajo,0,0,19,44,17,91,1,122,-17,142,30,113,17,161,10,190,6,214,20,104,-36,148,-39,128,-25,113,4,89,-48,128,-47,111,-33,98,-13,70,-54,106,-53,92,-40,78
indice_abajo,0,0,17,43,14,87,0,115,-15,130,20,110,9,161,-3,191,-12,215,8,101,-44,147,-48,126,-33,109,-10,86,-57,128,-56,109,-42,95,-29,68,-66,106,-66,92,-54,78
indice_abajo,0,0,22,38,28,83,29,117,41,138,31,106,24,160,16,191,11,215,18,99,-29,150,-34,132,-22,114,-1,86,-43,132,-44,114,-33,100,-22,70,-54,111,-54,97,-44,82
indice_abajo,0,0,-36,18,-70,54,-100,73,-125,71,-49,69,-51,121,-52,150,-51,172,-23,70,-17,130,-22,120,-25,102,3,66,7,121,2,112,-2,95,27,61,28,107,22,102,20,89
indice_abajo,0,0,-41,9,-73,35,-102,45,-120,29,-45,64,-43,111,-40,139,-36,159,-18,70,-24,117,-29,139,-32,151,4,72,-8,115,-16,131,-21,139,20,73,7,107,-2,120,-8,127
indice_abajo,0,0,-31,-1,-56,12,-77,16,-88,1,-29,51,-30,93,-23,122,-14,144,-9,62,-41,91,-64,85,-72,72,2,70,-31,96,-49,87,-55,74,7,75,-22,91,-35,84,-41,76
indice_abajo,0,0,-37,13,-71,45,-101,63,-127,60,-52,64,-61,112,-66,141,-68,164,-27,69,-30,124,-33,121,-34,110,-3,68,-5,120,-10,113,-10,97,20,65,17,108,12,103,12,90
indice_abajo,0,0,-2,45,-9,81,-14,106,-14,126,-44,88,-41,129,-41,157,-42,181,-44,73,-24,114,4,122,23,118,-35,56,-16,94,9,101,24,97,-20,38,-5,69,12,79,23,78
indice_abajo,0,0,4,49,-5,86,-16,110,-24,131,-54,87,-50,128,-51,155,-54,177,-56,72,-38,113,-6,115,10,107,-49,55,-32,92,-4,95,9,88,-36,38,-22,67,-2,74,8,69
indice_abajo,0,0,1,51,-11,91,-23,118,-27,144,-58,87,-56,128,-57,157,-59,180,-58,69,-41,113,-9,119,10,113,-49,52,-33,92,-5,97,8,89,-34,36,-21,70,-2,78,7,74
indice_abajo,0,0,-36,15,-67,47,-89,70,-113,76,-50,65,-58,114,-64,143,-67,165,-23,71,-26,129,-30,117,-31,97,2,71,0,124,-7,111,-7,92,26,68,24,113,17,107,15,93
indice_abajo,0,0,-38,8,-66,31,-88,51,-107,57,-45,64,-48,113,-50,143,-49,165,-22,71,-30,119,-42,131,-49,133,-2,73,-13,118,-25,120,-32,113,14,73,2,107,-10,110,-16,104
indice_abajo,0,0,-40,16,-69,53,-93,79,-118,84,-49,77,-53,130,-56,160,-56,183,-22,81,-19,134,-24,131,-27,120,4,77,7,127,1,120,-2,105,27,71,29,112,23,106,20,93
indice_abajo,0,0,40,27,70,68,96,94,121,102,37,114,38,168,38,198,39,220,5,113,-2,167,4,150,9,126,-25,104,-32,152,-25,134,-20,113,-54,89,-60,133,-52,119,-48,100
indice_abajo,0,0,41,13,65,41,80,61,90,72,41,101,41,149,41,173,41,191,14,105,14,152,23,141,27,122,-12,99,-10,141,1,128,3,110,-34,88,-34,124,-25,116,-23,100
indice_abajo,0,0,39,29,51,75,55,110,59,133,45,98,45,157,42,189,40,214,16,99,5,163,2,147,5,125,-15,93,-25,148,-24,132,-21,113,-42,83,-50,128,-47,117,-43,101
indice_abajo,0,0,40,9,76,36,105,53,131,54,54,96,59,143,60,170,61,190,27,105,34,147,39,133,40,114,0,107,8,142,14,127,15,108,-26,103,-20,132,-13,121,-13,103
indice_abajo,0,0,40,21,74,60,101,83,127,90,56,99,62,149,63,179,63,200,30,101,24,156,22,143,23,121,1,97,-4,147,-6,135,-4,114,-26,89,-30,131,-29,123,-27,107
te_quiero,0,0,-48,-11,-99,-47,-139,-68,-174,-68,-70,-122,-87,-171,-97,-203,-104,-231,-37,-128,-38,-170,-37,-134,-38,-102,-4,-125,-1,-162,-4,-125,-9,-96,28,-117,27,-159,26,-183,24,-209
te_quiero,0,0,-49,-10,-98,-45,-139,-66,-173,-67,-75,-117,-94,-166,-104,-196,-110,-225,-43,-124,-43,-168,-44,-134,-45,-101,-10,-124,-10,-162,-12,-126,-16,-97,22,-117,21,-158,18,-182,14,-207
te_quiero,0,0,-54,-8,-104,-41,-140,-64,-171,-71,-74,-111,-92,-157,-104,-186,-112,-210,-48,-116,-68,-162,-80,-135,-85,-103,-21,-118,-38,-155,-51,-124,-58,-96,9,-115,0,-158,-8,-186,-15,-210
te_quiero,0,0,-42,-10,-83,-45,-110,-67,-130,-76,-53,-108,-67,-159,-78,-185,-87,-206,-33,-112,-60,-155,-79,-127,-84,-99,-12,-112,-38,-148,-55,-116,-60,-90,12,-109,3,-153,-6,-180,-12,-207
te_quiero,0,0,-54,-6,-105,-42,-142,-69,-176,-76,-81,-113,-102,-157,-112,-184,-119,-210,-50,-121,-58,-168,-60,-136,-61,-105,-19,-121,-24,-162,-29,-127,-32,-98,12,-116,7,-157,2,-182,-3,-206
te_quiero,0,0,-51,-8,-102,-39,-142,-65,-176,-72,-78,-114,-100,-159,-113,-187,-122,-213,-46,-122,-53,-167,-49,-133,-47,-101,-14,-122,-17,-160,-16,-125,-18,-97,16,-115,12,-156,8,-179,3,-204
te_quiero,0,0,-44,-15,-72,-45,-92,-62,-107,-77,-44,-108,-59,-152,-69,-176,-77,-197,-32,-109,-66,-136,-82,-107,-83,-80,-20,-108,-53,-137,-76,-113,-85,-91,-10,-105,-22,-148,-33,-173,-40,-196
te_quiero,0,0,-52,-7,-104,-40,-144,-62,-177,-67,-79,-111,-103,-153,-118,-179,-129,-202,-52,-118,-67,-162,-72,-133,-74,-101,-23,-119,-35,-157,-42,-124,-46,-94,7,-115,-3,-156,-12,-182,-19,-206
te_quiero,0,0,-43,-10,-86,-43,-120,-66,-151,-67,-66,-118,-83,-167,-94,-198,-101,-225,-33,-125,-28,-171,-24,-138,-24,-105,-1,-122,6,-157,7,-122,3,-95,28,-113,30,-155,30,-179,27,-203
te_quiero,0,0,33,-37,49,-81,57,-114,82,-128,18,-120,24,-180,25,-217,24,-244,-12,-116,-37,-163,-34,-142,-26,-124,-39,-103,-63,-145,-56,-128,-45,-112,-64,-87,-79,-133,-90,-158,-97,-180
te_quiero,0,0,-49,-9,-96,-40,-132,-61,-164,-66,-72,-106,-94,-147,-107,-172,-118,-196,-46,-112,-61,-155,-65,-125,-65,-95,-19,-113,-30,-149,-36,-116,-39,-87,9,-108,3,-148,-4,-173,-9,-197
te_quiero,0,0,55,-10,108,-43,148,-73,183,-80,85,-118,115,-166,132,-194,146,-219,50,-126,62,-169,59,-128,55,-91,14,-126,19,-165,22,-122,24,-89,-20,-121,-39,-164,-47,-192,-52,-226
te_quiero,0,0,43,-16,77,-55,99,-83,120,-101,62,-117,79,-165,95,-192,108,-212,41,-122,73,-158,84,-127,82,-97,21,-124,51,-157,71,-133,79,-109,-4,-123,1,-170,17,-193,34,-211
te_quiero,0,0,-48,-14,-88,-51,-121,-81,-152,-90,-52,-122,-58,-174,-62,-206,-63,-235,-21,-124,-16,-159,-20,-124,-25,-94,10,-118,17,-149,10,-117,2,-91,40,-108,45,-148,48,-170,49,-195
te_quiero,0,0,-45,-20,-85,-58,-115,-83,-141,-98,-45,-121,-55,-176,-62,-207,-67,-234,-21,-122,-41,-164,-64,-140,-76,-113,4,-118,-11,-154,-37,-127,-52,-102,31,-109,37,-154,37,-182,39,-210
te_quiero,0,0,-37,-24,-53,-71,-55,-108,-56,-139,-25,-112,-32,-147,-44,-163,-51,-176,-4,-114,-24,-148,-46,-142,-60,-137,17,-112,-20,-133,-35,-94,-36,-63,37,-109,22,-152,3,-179,-11,-203
te_quiero,0,0,-51,-11,-95,-50,-125,-81,-153,-90,-63,-112,-79,-157,-89,-184,-96,-209,-34,-117,-43,-153,-43,-119,-42,-88,-4,-115,-9,-147,-13,-113,-15,-86,25,-108,22,-148,19,-172,16,-197
te_quiero,0,0,57,-9,111,-50,145,-91,174,-110,84,-109,95,-159,98,-192,99,-219,52,-114,55,-145,49,-97,45,-62,19,-114,17,-137,18,-94,20,-65,-15,-112,-21,-161,-24,-191,-26,-223
te_quiero,0,0,50,-20,84,-67,101,-102,116,-129,53,-121,61,-176,70,-208,78,-234,30,-124,63,-148,66,-105,56,-73,6,-124,39,-143,45,-99,39,-71,-19,-123,-11,-172,5,-196,20,-218
te_quiero,0,0,53,-10,102,-54,131,-98,154,-126,77,-114,86,-165,86,-198,84,-226,41,-119,35,-143,34,-94,36,-62,7,-116,-7,-138,0,-93,9,-64,-27,-111,-45,-156,-60,-183,-72,-215
te_quiero,0,0,48,-3,98,-36,127,-71,148,-95,85,-97,98,-140,103,-169,105,-193,54,-106,44,-126,34,-80,33,-51,21,-108,4,-124,2,-80,8,-52,-11,-108,-22,-151,-36,-174,-46,-203
te_quiero,0,0,48,-23,84,-69,102,-105,109,-136,49,-118,63,-167,74,-192,84,-215,27,-119,51,-141,54,-101,50,-70,5,-119,28,-139,37,-99,37,-71,-20,-118,-12,-165,-7,-194,-3,-222
te_quiero,0,0,52,-6,106,-39,150,-60,186,-51,85,-108,100,-154,107,-181,112,-204,52,-115,51,-140,44,-88,43,-59,18,-115,9,-134,10,-86,15,-58,-17,-112,-28,-156,-37,-181,-44,-213
te_quiero,0,0,51,-7,104,-41,145,-68,180,-70,83,-98,95,-139,99,-166,100,-190,52,-105,54,-136,47,-90,43,-57,20,-107,16,-130,16,-87,18,-58,-13,-106,-20,-149,-26,-176,-29,-208
te_quiero,0,0,52,-8,103,-49,131,-90,155,-115,80,-98,89,-142,92,-170,93,-194,50,-104,52,-139,47,-96,43,-61,19,-106,16,-133,18,-91,20,-60,-13,-106,-21,-150,-28,-178,-33,-209
te_quiero,0,0,50,-7,101,-39,142,-61,176,-58,84,-96,96,-138,101,-165,105,-188,54,-105,59,-137,52,-94,47,-61,22,-108,23,-133,23,-92,23,-62,-10,-108,-17,-151,-21,-178,-23,-209
te_quiero,0,0,-42,-4,-81,-31,-107,-56,-132,-69,-65,-92,-75,-133,-81,-158,-87,-179,-41,-95,-49,-121,-47,-90,-44,-64,-17,-95,-23,-120,-22,-93,-22,-70,9,-94,0,-129,-8,-148,-17,-168
te_quiero,0,0,-43,-9,-80,-41,-103,-66,-126,-80,-57,-96,-68,-139,-73,-165,-77,-186,-36,-98,-49,-129,-53,-104,-55,-80,-13,-98,-24,-126,-28,-99,-29,-77,11,-95,3,-130,-4,-150,-10,-171
te_quiero,0,0,-42,-8,-73,-40,-89,-72,-102,-98,-63,-91,-66,-135,-66,-163,-64,-186,-39,-94,-41,-118,-35,-90,-31,-64,-15,-96,-15,-117,-10,-89,-9,-68,9,-95,3,-128,-2,-146,-10,-164
te_quiero,0,0,-39,-5,-79,-31,-107,-51,-132,-54,-72,-85,-93,-123,-106,-145,-116,-166,-47,-93,-51,-120,-43,-91,-38,-67,-21,-96,-24,-120,-18,-94,-16,-73,5,-95,-2,-128,-8,-146,-16,-165
te_quiero,0,0,-42,-4,-82,-31,-110,-54,-136,-59,-66,-91,-81,-133,-91,-160,-99,-183,-41,-97,-43,-122,-34,-94,-28,-69,-16,-98,-15,-120,-10,-93,-9,-72,9,-96,3,-129,-1,-147,-8,-165
te_quiero,0,0,-42,-10,-74,-46,-94,-78,-116,-93,-60,-91,-62,-135,-60,-161,-57,-184,-35,-95,-34,-124,-26,-97,-22,-73,-11,-96,-9,-119,-4,-93,-3,-72,13,-94,10,-128,7,-146,0,-164
te_quiero,0,0,-40,-5,-78,-29,-107,-49,-134,-51,-61,-88,-68,-131,-71,-159,-71,-183,-36,-93,-36,-120,-28,-92,-22,-68,-11,-94,-7,-117,-3,-92,-3,-72,12,-91,8,-124,2,-142,-5,-161
te_quiero,0,0,-39,-8,-73,-35,-97,-54,-118,-64,-48,-85,-55,-130,-58,-155,-62,-174,-32,-88,-54,-113,-65,-90,-67,-68,-15,-90,-35,-116,-47,-93,-52,-74,3,-91,-3,-124,-9,-145,-13,-163
te_quiero,0,0,-35,-12,-59,-37,-75,-52,-89,-64,-34,-87,-42,-127,-49,-151,-56,-171,-24,-89,-49,-109,-63,-91,-68,-74,-14,-89,-40,-109,-59,-90,-70,-74,-2,-87,-8,-121,-16,-141,-24,-160
te_quiero,0,0,-42,-3,-81,-25,-111,-43,-139,-47,-70,-83,-80,-122,-84,-147,-86,-169,-46,-90,-52,-119,-46,-93,-39,-69,-22,-93,-25,-119,-21,-94,-19,-73,2,-93,-8,-125,-15,-143,-24,-160
te_quiero,0,0,-36,1,-71,-20,-97,-36,-121,-38,-65,-78,-72,-119,-76,-145,-78,-168,-42,-85,-39,-111,-24,-85,-15,-62,-19,-88,-14,-111,-5,-87,-2,-67,3,-89,-1,-121,-6,-138,-15,-155
te_quiero,0,0,48,-13,95,-45,129,-76,159,-87,71,-102,90,-148,100,-178,108,-204,41,-106,45,-143,42,-106,41,-76,12,-105,10,-133,12,-99,14,-74,-17,-100,-28,-139,-33,-164,-37,-193
te_quiero,0,0,45,-12,84,-48,107,-77,127,-92,60,-104,78,-148,90,-174,100,-196,37,-106,59,-132,60,-98,56,-69,14,-106,33,-130,38,-97,38,-72,-12,-105,-9,-145,-1,-167,8,-190
te_quiero,0,0,-42,-31,-70,-74,-92,-109,-115,-125,-38,-111,-47,-166,-50,-197,-50,-223,-9,-113,-1,-146,-3,-126,-7,-108,21,-104,24,-129,22,-112,18,-96,48,-91,64,-128,73,-146,77,-164
te_quiero,0,0,46,-8,95,-35,129,-60,155,-72,73,-87,96,-125,111,-150,123,-171,48,-93,64,-125,58,-90,50,-59,22,-96,34,-118,36,-84,34,-58,-6,-97,-7,-137,-1,-159,5,-183
te_quiero,0,0,48,-12,97,-42,129,-71,156,-86,72,-91,93,-131,103,-156,112,-179,45,-97,56,-133,52,-98,47,-68,18,-99,25,-125,27,-91,26,-66,-11,-98,-18,-138,-18,-162,-17,-188
te_quiero,0,0,-41,-10,-80,-44,-108,-70,-138,-80,-58,-108,-68,-160,-71,-193,-73,-222,-31,-109,-38,-134,-43,-99,-45,-69,-4,-106,-6,-128,-13,-93,-19,-66,24,-101,23,-141,19,-166,15,-191
dedos_cruzados,0,0,-53,-17,-95,-57,-120,-92,-146,-111,-67,-127,-74,-173,-77,-203,-79,-228,-36,-135,-48,-182,-57,-210,-69,-232,-5,-132,-9,-178,-18,-206,-31,-227,28,-119,43,-153,43,-173,34,-189
dedos_cruzados,0,0,-39,-10,-73,-36,-99,-59,-125,-71,-56,-97,-63,-135,-66,-157,-70,-176,-32,-104,-42,-143,-51,-166,-62,-185,-7,-101,-11,-140,-17,-163,-26,-184,20,-91,31,-120,34,-140,31,-157
dedos_cruzados,0,0,-42,-14,-76,-44,-100,-71,-125,-85,-56,-99,-60,-139,-59,-164,-60,-186,-34,-104,-45,-148,-58,-171,-71,-187,-10,-99,-15,-145,-29,-137,-39,-121,16,-88,12,-122,0,-113,-10,-95
dedos_cruzados,0,0,33,-30,50,-72,59,-105,79,-122,16,-97,3,-152,-4,-180,-10,-200,-14,-91,-23,-150,-26,-178,-29,-194,-36,-81,-46,-136,-40,-154,-34,-160,-53,-70,-62,-115,-58,-133,-51,-141
dedos_cruzados,0,0,28,-36,34,-79,34,-117,45,-142,15,-103,3,-159,-8,-185,-19,-199,-12,-97,-22,-157,-21,-166,-21,-163,-35,-86,-44,-139,-35,-131,-29,-115,-56,-72,-61,-117,-52,-112,-45,-99
dedos_cruzados,0,0,27,-36,34,-77,35,-117,44,-145,23,-106,9,-164,-2,-189,-13,-203,-3,-103,-12,-172,-16,-191,-23,-194,-29,-92,-41,-147,-34,-137,-28,-119,-52,-77,-58,-122,-50,-114,-43,-99
dedos_cruzados,0,0,-19,-45,-15,-83,-7,-110,-2,-130,15,-111,3,-148,-13,-166,-29,-178,16,-105,0,-149,-19,-169,-34,-179,11,-94,-23,-127,-50,-120,-65,-107,-1,-80,-29,-103,-46,-96,-54,-83
dedos_cruzados,0,0,-42,-13,-72,-44,-92,-76,-119,-88,-68,-93,-76,-130,-78,-154,-79,-176,-47,-101,-62,-137,-71,-161,-77,-179,-23,-99,-28,-134,-30,-138,-33,-131,4,-92,4,-123,0,-121,-6,-109
dedos_cruzados,0,0,29,-36,38,-77,41,-112,57,-132,29,-102,17,-148,8,-175,-1,-192,4,-102,2,-160,2,-188,1,-204,-22,-94,-34,-144,-29,-135,-24,-120,-47,-79,-55,-120,-48,-113,-42,-99
dedos_cruzados,0,0,48,-11,91,-42,122,-66,150,-74,66,-117,76,-166,84,-195,91,-217,39,-125,57,-174,73,-200,88,-221,10,-122,13,-176,18,-209,28,-238,-21,-108,-39,-144,-46,-168,-48,-191
dedos_cruzados,0,0,36,-21,52,-54,61,-75,71,-88,33,-105,44,-145,55,-171,65,-191,21,-108,23,-156,35,-186,48,-208,10,-105,9,-151,23,-176,39,-194,0,-96,-4,-125,6,-143,21,-156
dedos_cruzados,0,0,-47,-36,-58,-88,-47,-137,-52,-168,-7,-116,12,-175,26,-207,36,-230,28,-110,35,-180,38,-219,42,-248,59,-96,76,-158,89,-194,100,-220,83,-75,108,-111,123,-130,135,-143
dedos_cruzados,0,0,-41,-34,-63,-80,-81,-124,-105,-149,-1,-117,21,-174,35,-203,46,-224,32,-111,40,-183,44,-219,46,-245,62,-96,81,-158,94,-195,103,-223,87,-75,114,-112,130,-129,141,-142
dedos_cruzados,0,0,-44,-32,-62,-81,-66,-130,-75,-164,-9,-113,8,-173,18,-205,26,-226,24,-108,30,-179,33,-217,37,-244,55,-95,70,-158,83,-195,93,-222,80,-76,105,-112,121,-131,133,-146
dedos_cruzados,0,0,-34,-41,-31,-82,-12,-112,9,-127,-8,-107,11,-165,22,-195,29,-214,26,-102,34,-173,38,-212,40,-240,57,-89,74,-151,86,-190,93,-218,81,-69,108,-107,124,-125,133,-140
dedos_cruzados,0,0,43,-9,82,-37,111,-62,137,-73,58,-101,63,-144,64,-173,65,-199,35,-109,49,-153,60,-179,69,-202,9,-108,17,-154,25,-182,33,-206,-19,-99,-32,-133,-41,-155,-48,-176
dedos_cruzados,0,0,41,-13,75,-44,99,-70,120,-83,50,-101,55,-142,57,-169,59,-191,29,-106,43,-150,55,-176,66,-198,7,-103,12,-149,17,-177,23,-201,-17,-91,-28,-123,-36,-144,-43,-164
dedos_cruzados,0,0,44,-10,85,-37,113,-61,138,-70,61,-100,69,-142,72,-172,73,-196,38,-108,55,-150,66,-175,76,-197,12,-107,21,-154,28,-182,36,-206,-16,-98,-30,-132,-41,-153,-48,-174
dedos_cruzados,0,0,-37,-23,-58,-57,-74,-88,-95,-102,-14,-96,-5,-139,-1,-166,4,-184,8,-95,6,-139,5,-164,7,-181,28,-86,38,-129,44,-155,49,-172,47,-73,68,-98,82,-112,93,-124
dedos_cruzados,0,0,-48,-22,-83,-62,-104,-97,-127,-117,-55,-124,-61,-170,-64,-197,-66,-223,-28,-128,-37,-175,-46,-204,-55,-229,0,-124,-3,-171,-9,-200,-17,-225,29,-112,38,-150,41,-175,42,-200
dedos_cruzados,0,0,31,-34,46,-82,55,-121,75,-137,27,-98,13,-156,3,-189,-5,-214,4,-94,-4,-153,-15,-186,-24,-210,-23,-86,-30,-142,-37,-176,-42,-203,-53,-73,-74,-106,-85,-127,-90,-146
dedos_cruzados,0,0,-47,-18,-83,-52,-102,-84,-125,-101,-66,-113,-75,-157,-77,-184,-80,-208,-39,-119,-50,-164,-57,-190,-67,-212,-11,-115,-14,-157,-18,-182,-27,-201,19,-102,30,-132,30,-149,24,-161
dedos_cruzados,0,0,-41,-21,-66,-61,-76,-98,-90,-126,-45,-111,-55,-153,-58,-180,-60,-205,-23,-116,-40,-157,-52,-183,-64,-206,0,-111,3,-155,2,-185,-2,-210,25,-96,41,-125,45,-145,44,-164
dedos_cruzados,0,0,-42,-19,-71,-55,-85,-88,-103,-111,-49,-108,-58,-151,-62,-178,-65,-202,-27,-112,-43,-154,-54,-180,-66,-203,-3,-107,-4,-152,-6,-182,-11,-206,23,-93,37,-124,40,-145,38,-165
dedos_cruzados,0,0,36,-30,51,-78,54,-121,68,-146,3,-103,-14,-158,-27,-193,-36,-219,-26,-99,-32,-155,-35,-190,-37,-217,-47,-91,-65,-141,-75,-173,-82,-199,-61,-79,-83,-110,-96,-130,-104,-149
dedos_cruzados,0,0,-43,-15,-75,-48,-95,-79,-118,-96,-53,-104,-60,-145,-63,-172,-64,-195,-29,-111,-40,-154,-48,-182,-55,-206,-4,-107,-7,-149,-8,-174,-12,-196,23,-96,31,-125,34,-143,35,-159
dedos_cruzados,0,0,-42,-15,-74,-47,-93,-78,-116,-95,-55,-102,-67,-141,-72,-167,-74,-189,-29,-109,-42,-151,-51,-179,-58,-203,-3,-106,-5,-147,-7,-174,-11,-196,25,-94,34,-124,37,-142,37,-159
dedos_cruzados,0,0,-51,-8,-98,-36,-137,-62,-178,-74,-93,-129,-114,-184,-124,-220,-131,-253,-62,-141,-92,-196,-111,-233,-128,-266,-26,-140,-35,-198,-42,-234,-51,-267,14,-129,19,-174,20,-202,15,-230
dedos_cruzados,0,0,-50,-14,-94,-54,-127,-88,-161,-102,-77,-131,-88,-183,-95,-216,-101,-247,-49,-140,-67,-193,-84,-226,-102,-254,-17,-138,-22,-194,-32,-230,-44,-261,17,-125,35,-167,44,-198,50,-227
dedos_cruzados,0,0,-38,-12,-74,-33,-107,-38,-139,-23,-92,-133,-99,-187,-99,-221,-99,-252,-61,-147,-76,-205,-85,-241,-95,-272,-27,-146,-36,-202,-43,-235,-51,-265,9,-135,13,-177,15,-203,15,-228
dedos_cruzados,0,0,34,-41,42,-88,41,-127,48,-148,17,-118,-7,-183,-18,-208,-22,-220,-14,-114,-29,-189,-36,-228,-40,-256,-44,-102,-63,-168,-75,-205,-81,-232,-72,-82,-96,-123,-107,-148,-114,-169
dedos_cruzados,0,0,-51,-9,-98,-38,-136,-63,-173,-73,-84,-124,-95,-176,-99,-210,-102,-240,-55,-135,-71,-190,-82,-224,-93,-253,-22,-135,-34,-188,-43,-219,-55,-247,13,-124,19,-163,18,-186,14,-207
puno,0,0,-38,-10,-75,-35,-91,-68,-77,-90,-53,-71,-62,-88,-56,-61,-53,-63,-29,-74,-36,-89,-34,-55,-32,-61,-5,-76,-11,-91,-12,-59,-9,-62,20,-76,15,-93,12,-71,15,-68
puno,0,0,-36,-18,-62,-45,-73,-68,-67,-90,-31,-80,-54,-89,-49,-65,-37,-59,-15,-81,-40,-90,-35,-62,-21,-60,4,-81,-21,-90,-19,-64,-5,-62,25,-77,3,-90,1,-72,13,-67
puno,0,0,-30,-28,-39,-58,-44,-80,-46,-102,-9,-87,-35,-97,-39,-75,-30,-61,3,-87,-30,-96,-35,-69,-24,-57,16,-85,-21,-91,-25,-66,-13,-56,29,-79,-5,-87,-10,-70,1,-59
puno,0,0,38,-28,59,-63,57,-95,36,-108,47,-105,28,-113,23,-93,26,-75,14,-112,-3,-109,-7,-91,-2,-76,-19,-107,-31,-101,-32,-84,-25,-70,-49,-97,-59,-95,-58,-77,-52,-64
puno,0,0,40,-27,63,-63,77,-95,98,-110,42,-109,22,-112,18,-93,22,-77,12,-114,-5,-109,-8,-91,-2,-78,-19,-108,-29,-103,-30,-86,-25,-73,-48,-98,-56,-99,-54,-83,-49,-71
puno,0,0,36,-36,38,-73,20,-91,-5,-91,38,-105,15,-108,11,-90,16,-76,10,-111,-10,-108,-14,-92,-9,-78,-20,-106,-34,-105,-37,-87,-31,-74,-47,-95,-59,-101,-60,-83,-54,-69
puno,0,0,40,-26,63,-61,77,-92,98,-106,43,-105,22,-110,17,-92,21,-77,14,-110,-6,-108,-10,-92,-3,-78,-15,-105,-29,-103,-31,-87,-25,-74,-43,-96,-54,-99,-54,-83,-47,-70
puno,0,0,39,-28,61,-68,77,-100,99,-114,41,-109,14,-116,9,-98,14,-80,13,-113,-12,-114,-16,-96,-9,-80,-16,-108,-34,-108,-37,-91,-30,-76,-44,-100,-60,-103,-60,-86,-52,-72
puno,0,0,27,-29,37,-65,45,-92,62,-105,32,-104,-4,-112,-12,-94,-6,-77,9,-109,-28,-111,-34,-92,-25,-77,-16,-106,-50,-108,-53,-87,-43,-75,-40,-97,-69,-100,-69,-80,-58,-69
puno,0,0,16,-37,14,-72,-3,-92,-23,-98,24,-100,-16,-116,-23,-98,-17,-81,10,-104,-33,-116,-39,-96,-31,-81,-8,-102,-51,-113,-55,-90,-44,-78,-28,-94,-65,-104,-66,-84,-55,-72
puno,0,0,-3,-37,-4,-73,-14,-94,-29,-106,16,-110,-41,-115,-45,-91,-32,-76,11,-114,-51,-117,-49,-89,-37,-75,2,-113,-58,-116,-56,-88,-40,-77,-10,-107,-59,-108,-57,-85,-43,-74
puno,0,0,-33,-42,-36,-75,-37,-96,-39,-118,11,-113,-42,-121,-45,-93,-30,-78,16,-115,-48,-121,-49,-88,-31,-75,19,-114,-45,-119,-46,-87,-27,-76,19,-108,-34,-111,-35,-87,-19,-75
puno,0,0,42,-13,81,-46,78,-86,46,-98,60,-79,73,-101,62,-72,55,-66,34,-89,44,-113,37,-75,33,-73,7,-90,14,-114,13,-77,10,-73,-24,-89,-16,-104,-11,-80,-12,-74
puno,0,0,26,-35,26,-70,23,-95,23,-111,-13,-107,43,-112,46,-85,31,-70,-17,-108,46,-111,47,-83,33,-69,-14,-103,47,-107,47,-80,34,-67,-7,-94,42,-100,42,-78,31,-66
puno,0,0,42,-10,81,-28,113,-47,136,-60,65,-68,79,-84,65,-56,61,-56,43,-77,57,-93,46,-60,44,-63,19,-81,32,-98,26,-67,24,-68,-6,-84,2,-94,4,-72,2,-70
puno,0,0,42,-10,80,-35,110,-49,137,-47,67,-68,82,-84,66,-58,61,-57,45,-77,63,-95,49,-63,43,-64,20,-81,35,-99,29,-67,24,-67,-4,-84,7,-93,8,-72,4,-70
puno,0,0,42,-10,82,-35,107,-60,130,-73,64,-70,79,-86,65,-57,58,-56,41,-79,59,-96,47,-62,40,-62,16,-81,32,-100,27,-67,20,-66,-10,-83,3,-93,5,-70,-1,-68
puno,0,0,36,-7,73,-30,91,-59,85,-83,55,-66,70,-81,62,-54,57,-50,35,-73,49,-90,42,-59,35,-58,12,-77,25,-93,22,-63,15,-61,-14,-79,0,-89,1,-67,-5,-63
puno,0,0,23,-30,27,-57,33,-79,36,-95,-17,-89,32,-94,36,-72,25,-60,-19,-90,36,-94,37,-71,27,-59,-14,-85,38,-90,40,-68,31,-56,-4,-78,37,-82,40,-65,33,-55
puno,0,0,-40,-18,-60,-47,-55,-74,-38,-86,-39,-87,-38,-91,-36,-77,-36,-65,-11,-89,-13,-84,-13,-69,-13,-58,15,-82,10,-75,7,-62,6,-52,36,-71,31,-66,27,-55,26,-47
puno,0,0,34,-5,74,-31,91,-66,76,-91,60,-66,68,-84,56,-56,54,-54,38,-76,44,-93,34,-58,35,-61,15,-80,18,-98,13,-64,14,-63,-11,-83,-9,-92,-9,-69,-8,-67
puno,0,0,-2,-31,-1,-65,9,-84,22,-92,-21,-95,31,-108,37,-86,25,-70,-18,-96,37,-106,40,-84,29,-69,-9,-92,42,-102,46,-80,36,-67,4,-83,44,-93,48,-74,40,-61
puno,0,0,-42,-16,-68,-40,-85,-65,-103,-81,-45,-90,-36,-80,-32,-66,-31,-57,-18,-94,-13,-83,-12,-70,-11,-62,8,-89,7,-80,7,-69,6,-60,30,-79,29,-76,26,-66,25,-58
puno,0,0,-40,-16,-61,-48,-66,-80,-73,-104,-40,-90,-31,-86,-29,-70,-31,-59,-13,-93,-9,-86,-9,-74,-10,-64,12,-87,13,-84,12,-72,9,-62,34,-77,34,-76,31,-65,27,-56
puno,0,0,28,-22,42,-53,51,-76,51,-95,19,-82,39,-93,41,-74,32,-62,7,-83,29,-92,33,-71,25,-61,-6,-81,17,-91,22,-70,15,-59,-21,-76,2,-86,8,-71,3,-61
puno,0,0,40,7,87,-25,104,-63,87,-84,66,-60,79,-76,66,-47,64,-42,42,-69,54,-89,42,-55,39,-52,20,-75,28,-95,21,-61,19,-54,-4,-80,1,-92,-3,-67,-4,-60
puno,0,0,-43,-18,-64,-50,-62,-80,-49,-94,-48,-90,-38,-98,-37,-83,-40,-72,-18,-92,-12,-93,-12,-79,-14,-69,10,-87,13,-86,10,-74,7,-63,34,-77,34,-77,30,-66,27,-57
puno,0,0,5,-30,2,-63,3,-84,6,-94,-26,-94,21,-107,27,-87,15,-71,-24,-96,25,-107,30,-87,20,-72,-17,-93,30,-104,35,-84,26,-70,-5,-86,32,-97,36,-80,29,-67
puno,0,0,33,-11,68,-38,80,-74,65,-96,53,-68,60,-85,50,-58,46,-56,30,-76,35,-95,28,-62,27,-63,8,-79,8,-98,7,-66,7,-64,-18,-80,-18,-90,-15,-68,-13,-65
puno,0,0,-45,-10,-85,-46,-101,-84,-92,-102,-59,-89,-63,-110,-56,-76,-55,-77,-29,-92,-35,-115,-32,-73,-31,-78,-1,-93,-5,-116,-6,-77,-4,-78,27,-91,24,-111,20,-85,22,-81
puno,0,0,-38,-23,-62,-61,-64,-89,-54,-106,-26,-98,-44,-114,-46,-82,-36,-74,-4,-96,-24,-116,-29,-77,-16,-70,20,-93,-1,-113,-8,-77,4,-69,47,-86,28,-107,18,-83,26,-72
puno,0,0,2,-37,0,-77,-10,-102,-21,-114,25,-114,-35,-125,-35,-103,-20,-94,20,-112,-42,-123,-40,-100,-25,-91,10,-105,-47,-115,-45,-91,-30,-84,-3,-93,-48,-98,-45,-79,-32,-71
